file;packageClass;class;type;cbo;wmc;dit;noc;lcom;nom;nof;loc;
hospital-management-system76406991;net.roseindia.dao.AmbulanceDAO;AmbulanceDAO;interface;1;1;1;0;0;1;0;5;
hospital-management-system76406991;net.roseindia.dao.UserDAOImpl;UserDAOImpl;class;8;44;1;0;93;15;1;460;
hospital-management-system76406991;net.roseindia.service.UserServiceImpl;UserServiceImpl;class;6;13;1;0;0;13;1;77;
hospital-management-system76406991;service.LoginServiceImpl;LoginServiceImpl;class;4;3;1;0;0;3;1;19;
hospital-management-system76406991;net.roseindia.dao.AmbulanceDAOImpl;AmbulanceDAOImpl;class;7;3;1;0;0;3;1;27;
hospital-management-system76406991;TestService;TestService;class;8;4;1;0;0;3;2;47;
hospital-management-system76406991;TestLogin_2;TestLogin_2;class;8;4;2;0;0;3;2;42;
hospital-management-system76406991;TestFit;TestFit;class;2;1;1;0;0;1;0;10;
hospital-management-system76406991;TestForm;TestForm;class;2;1;1;0;0;1;0;15;
hospital-management-system76406991;TestLoginDoctor;TestLoginDoctor;class;8;4;2;0;0;3;2;42;
hospital-management-system76406991;net.roseindia.dao.LoginDAOImpl;LoginDAOImpl;class;6;12;1;0;0;4;1;61;
hospital-management-system76406991;net.roseindia.controllers.NavigationController;NavigationController;class;6;5;1;0;10;5;1;46;
hospital-management-system76406991;TestRegistration;TestRegistration;class;2;1;1;0;0;1;0;18;
hospital-management-system76406991;net.roseindia.model.ambulance_msg;ambulance_msg;class;5;12;1;0;54;12;6;72;
hospital-management-system76406991;TestUser_model;TestUser_model;class;2;1;1;0;0;1;0;28;
hospital-management-system76406991;net.roseindia.java.Calendar;Calendar;class;0;0;1;0;0;0;5;8;
hospital-management-system76406991;TestServiceDeskController;TestServiceDeskController;class;4;1;1;0;0;1;0;24;
hospital-management-system76406991;net.roseindia.form.LoginForm;LoginForm;class;2;4;1;0;2;4;2;23;
hospital-management-system76406991;TestRooms;TestRooms;class;2;2;2;0;0;1;0;25;
hospital-management-system76406991;TestUsers_model;TestUsers_model;class;2;1;1;0;0;1;0;21;
hospital-management-system76406991;net.roseindia.java.Dataset;Dataset;class;0;0;1;0;0;0;3;6;
hospital-management-system76406991;net.roseindia.form.ValidationForm;ValidationForm;class;6;6;1;0;9;6;3;39;
hospital-management-system76406991;TestNavigationController;TestNavigationController;class;7;2;1;0;0;1;3;36;
hospital-management-system76406991;net.roseindia.form.AllAmbulanceMsgs;AllAmbulanceMsgs;class;0;8;1;0;20;8;4;33;
hospital-management-system76406991;net.roseindia.controllers.PasswordResetController;PasswordResetController;class;8;4;1;0;1;2;1;38;
hospital-management-system76406991;TestValidationForm;TestValidationForm;class;2;1;1;0;0;1;0;18;
hospital-management-system76406991;net.roseindia.java.Roominfo;Roominfo;class;0;0;1;0;0;0;6;9;
hospital-management-system76406991;net.roseindia.controllers.ServiceDeskController;ServiceDeskController;class;8;2;1;0;1;2;1;32;
hospital-management-system76406991;service.UserService;UserService;interface;1;5;1;0;10;5;0;12;
hospital-management-system76406991;service.LoginService;LoginService;interface;0;2;1;0;1;2;0;8;
hospital-management-system76406991;TestLoginController;TestLoginController;class;8;2;1;0;0;1;3;35;
hospital-management-system76406991;fit;fit;class;11;9;2;0;1;3;1;103;
hospital-management-system76406991;net.roseindia.controllers.FreeRoomController;FreeRoomController;class;4;2;1;0;0;1;0;40;
hospital-management-system76406991;TestRegistration_2;TestRegistration_2;class;2;1;1;0;0;1;0;21;
hospital-management-system76406991;TestForm_2;TestForm_2;class;2;1;1;0;0;1;0;15;
hospital-management-system76406991;net.roseindia.form.Registration;Registration;class;3;8;1;0;20;8;4;39;
hospital-management-system76406991;TestAmbulancemsg_model;TestAmbulancemsg_model;class;2;1;1;0;0;1;0;15;
hospital-management-system76406991;net.roseindia.model.ShowMessage;ShowMessage;class;5;6;1;0;9;6;3;48;
hospital-management-system76406991;net.roseindia.service.UserService;UserService;interface;1;13;1;0;78;13;0;21;
hospital-management-system76406991;net.roseindia.controllers.MessageController;MessageController;class;8;4;1;0;0;4;1;71;
hospital-management-system76406991;TestUserDAO;TestUserDAO;class;2;3;2;0;0;1;0;45;
hospital-management-system76406991;net.roseindia.form.User;User;class;1;2;1;0;0;2;1;12;
hospital-management-system76406991;service.UserServiceImpl;UserServiceImpl;class;5;5;1;0;0;5;1;36;
hospital-management-system76406991;net.roseindia.java.HibernateUtil;HibernateUtil;class;2;4;1;0;3;3;1;28;
hospital-management-system76406991;TestAmbulanceController;TestAmbulanceController;class;6;2;1;0;0;1;1;29;
hospital-management-system76406991;TestFitGraphController;TestFitGraphController;class;6;2;1;0;0;1;1;29;
hospital-management-system76406991;net.roseindia.controllers.LoginController;LoginController;class;9;8;1;0;1;2;1;53;
hospital-management-system76406991;TestMessageController;TestMessageController;class;8;2;1;0;0;1;3;38;
hospital-management-system76406991;net.roseindia.form.SdToDoctorForm;SdToDoctorForm;class;2;8;1;0;20;8;4;41;
hospital-management-system76406991;net.roseindia.form.PasswordResetFrom;PasswordResetFrom;class;0;2;1;0;0;2;1;10;
hospital-management-system76406991;net.roseindia.dao.UserDAO;UserDAO;interface;2;13;1;0;78;13;0;24;
hospital-management-system76406991;net.roseindia.controllers.LogoutController;LogoutController;class;5;1;2;0;0;1;0;16;
hospital-management-system76406991;TestLoginServiceDesk;TestLoginServiceDesk;class;8;4;2;0;0;3;2;42;
hospital-management-system76406991;net.roseindia.controllers.FitGraphController;FitGraphController;class;5;1;1;0;0;1;0;24;
hospital-management-system76406991;net.roseindia.model.User;User;class;0;10;1;0;35;10;5;39;
hospital-management-system76406991;net.roseindia.model.Users;Users;class;5;10;1;0;31;10;5;64;
hospital-management-system76406991;TestLogin;TestLogin;class;8;4;2;0;0;3;2;42;
hospital-management-system76406991;TestUser_form;TestUser_form;class;2;1;1;0;0;1;0;12;
hospital-management-system76406991;net.roseindia.form.CountForm;CountForm;class;0;2;1;0;0;2;1;10;
hospital-management-system76406991;net.roseindia.controllers.AmbulanceController;AmbulanceController;class;10;8;1;0;0;4;1;82;
hospital-management-system76406991;net.roseindia.form.UploadItem;UploadItem;class;1;4;1;0;2;4;2;18;
hospital-management-system76406991;TestLoginAmbulance;TestLoginAmbulance;class;8;4;2;0;0;3;2;42;
hospital-management-system76406991;Dataset;Dataset;class;0;0;1;0;0;0;3;5;
hospital-management-system76406991;TestAmbulanceForm;TestAmbulanceForm;class;2;1;1;0;0;1;0;15;
hospital-management-system76406991;net.roseindia.java.fit;fit;class;12;12;2;0;0;4;1;120;
hospital-management-system76406991;net.roseindia.dao.LoginDAO;LoginDAO;interface;0;2;1;0;1;2;0;6;
hospital-management-system76406991;net.roseindia.service.LoginService;LoginService;interface;0;2;1;0;1;2;0;8;
hospital-management-system76406991;net.roseindia.service.LoginServiceImpl;LoginServiceImpl;class;4;3;1;0;0;3;1;19;
hospital-management-system76406991;net.roseindia.test.TestUser;TestUser;class;8;4;2;0;0;3;2;44;
hospital-management-system76406991;net.roseindia.form.AmbulanceForm;AmbulanceForm;class;2;8;1;0;20;8;4;41;
hospital-management-system76406991;net.roseindia.controllers.DoctorController;DoctorController;class;10;7;1;0;4;5;1;96;
