file;packageClass;class;type;cbo;wmc;dit;noc;lcom;nom;nof;loc
quickbooks-connector2236831;org.mule.modules.quickbooks.windows.schema.BillHeader;BillHeader;class;3;24;3;0;209;22;12;356
quickbooks-connector2236831;org.mule.modules.quickbooks.windows.schema.AdvDetailReportParam;AdvDetailReportParam;class;3;4;2;1;0;2;2;97
quickbooks-connector2236831;org.mule.modules.quickbooks.online.QuickBooksOnlineNamespaceHandlerModuleTest;QuickBooksOnlineNamespaceHandlerModuleTest;class;4;3;2;0;3;3;0;38
quickbooks-connector2236831;org.mule.modules.quickbooks.windows.schema.SuccessResponse;SuccessResponse;class;1;0;3;0;0;0;1;46
quickbooks-connector2236831;org.mule.modules.quickbooks.windows.schema.CustomFieldDefinitionRef;CustomFieldDefinitionRef;class;1;0;2;0;0;0;1;46
quickbooks-connector2236831;org.mule.modules.quickbooks.windows.schema.Customer;Customer;class;5;54;3;1;1377;54;28;756
quickbooks-connector2236831;org.mule.modules.quickbooks.windows.schema.PayrollItemTypeEnum;PayrollItemTypeEnum;enum;1;6;1;0;0;3;1;78
quickbooks-connector2236831;org.mule.modules.quickbooks.windows.schema.PayrollItem;PayrollItem;class;2;6;2;0;9;6;4;131
quickbooks-connector2236831;org.mule.modules.quickbooks.api.model.AppMenuInformation;AppMenuInformation;class;0;8;1;0;20;8;4;43
quickbooks-connector2236831;org.mule.modules.quickbooks.windows.schema.SortByColumnSalesOrderWithOrder;SortByColumnSalesOrderWithOrder;class;1;0;2;0;0;0;1;50
quickbooks-connector2236831;org.mule.modules.quickbooks.windows.schema.CreditCardCreditLine;CreditCardCreditLine;class;1;0;3;0;0;0;1;49
quickbooks-connector2236831;org.mule.modules.quickbooks.utils.MessageUtils;MessageUtils;class;0;10;1;2;21;7;0;88
quickbooks-connector2236831;org.mule.modules.quickbooks.windows.schema.ItemGroupComponents;ItemGroupComponents;class;2;4;3;0;0;2;2;98
quickbooks-connector2236831;org.mule.modules.quickbooks.windows.schema.NumberTypeCustomField;NumberTypeCustomField;class;1;2;2;0;0;2;2;80
quickbooks-connector2236831;org.mule.modules.quickbooks.windows.schema.VendorCreditQuery;VendorCreditQuery;class;1;2;3;0;0;2;2;74
quickbooks-connector2236831;org.mule.modules.quickbooks.api.exception.ExceptionInfo;ExceptionInfo;class;0;9;1;0;10;8;3;45
quickbooks-connector2236831;org.mule.modules.quickbooks.windows.schema.ItemReceiptHeader;ItemReceiptHeader;class;2;8;3;0;9;6;4;149
quickbooks-connector2236831;org.mule.modules.quickbooks.windows.schema.TaxLine;TaxLine;class;2;6;2;0;9;6;4;131
quickbooks-connector2236831;org.mule.modules.quickbooks.windows.schema.CCSecurityCodeMatchEnum;CCSecurityCodeMatchEnum;enum;1;6;1;0;0;3;1;60
quickbooks-connector2236831;org.mule.modules.quickbooks.windows.schema.PaymentMethodEnum;PaymentMethodEnum;enum;1;6;1;0;0;3;1;84
quickbooks-connector2236831;org.mule.modules.quickbooks.windows.schema.CustomerMsgQuery;CustomerMsgQuery;class;2;2;3;0;0;2;2;74
quickbooks-connector2236831;org.mule.modules.quickbooks.api.openid.OpenIdException;OpenIdException;class;0;3;4;0;3;3;1;27
quickbooks-connector2236831;org.mule.modules.quickbooks.windows.schema.ReimbursableInfo;ReimbursableInfo;class;1;8;1;0;20;8;5;154
quickbooks-connector2236831;org.mule.modules.quickbooks.windows.schema.LinePurchase;LinePurchase;class;13;34;2;1;527;34;18;501
quickbooks-connector2236831;test.TestBoolean;TestBoolean;class;0;4;1;0;2;4;2;22
quickbooks-connector2236831;org.mule.modules.quickbooks.windows.schema.OtherNameQuery;OtherNameQuery;class;2;10;4;0;35;10;6;180
quickbooks-connector2236831;org.mule.modules.quickbooks.windows.schema.SortByColumnSalesOrder;SortByColumnSalesOrder;enum;1;6;1;0;0;3;1;60
quickbooks-connector2236831;org.mule.modules.quickbooks.windows.schema.SortByColumnInvoice;SortByColumnInvoice;enum;1;6;1;0;0;3;1;60
quickbooks-connector2236831;org.mule.modules.quickbooks.windows.schema.SortByColumnInventorySiteWithOrder;SortByColumnInventorySiteWithOrder;class;1;0;2;0;0;0;1;50
quickbooks-connector2236831;org.mule.modules.quickbooks.windows.schema.UOM;UOM;class;3;10;2;0;20;8;5;178
quickbooks-connector2236831;org.mule.modules.quickbooks.online.automation.testcases.InvoiceTestCases;InvoiceTestCases;class;8;4;3;1;6;4;3;48
quickbooks-connector2236831;org.mule.modules.quickbooks.windows.schema.InventoryTransfers;InventoryTransfers;class;2;4;3;0;0;2;2;98
quickbooks-connector2236831;org.mule.modules.quickbooks.windows.schema.CustomTxnDetail;CustomTxnDetail;class;1;0;3;0;0;0;1;44
quickbooks-connector2236831;org.mule.modules.quickbooks.windows.schema.NameValue;NameValue;class;0;4;1;0;0;4;3;104
quickbooks-connector2236831;org.mule.modules.quickbooks.windows.schema.JournalEntry;JournalEntry;class;3;6;2;0;2;4;3;126
quickbooks-connector2236831;org.mule.modules.quickbooks.online.automation.testcases.PaginatedQueryTestCases;PaginatedQueryTestCases;class;9;11;3;0;11;6;2;76
quickbooks-connector2236831;org.mule.modules.quickbooks.windows.schema.PayrollNonWageItem;PayrollNonWageItem;class;3;14;2;0;77;14;8;235
quickbooks-connector2236831;org.mule.modules.quickbooks.windows.schema.Vendor;Vendor;class;3;22;3;0;209;22;12;343
quickbooks-connector2236831;org.mule.modules.quickbooks.windows.schema.BuildAssemblyQuery;BuildAssemblyQuery;class;3;6;3;0;9;6;4;126
quickbooks-connector2236831;org.mule.modules.quickbooks.windows.schema.ColTypeEnum;ColTypeEnum;enum;1;6;1;0;0;3;1;66
quickbooks-connector2236831;org.mule.modules.quickbooks.windows.schema.CustomFieldQuery;CustomFieldQuery;class;1;0;2;0;0;0;1;44
quickbooks-connector2236831;org.mule.modules.quickbooks.windows.schema.RefundAppliedTo;RefundAppliedTo;class;2;10;1;0;35;10;6;182
quickbooks-connector2236831;org.mule.modules.quickbooks.online.automation.RegressionTests;RegressionTests;interface;0;0;1;0;0;0;0;12
quickbooks-connector2236831;org.mule.modules.quickbooks.windows.schema.ObjectName;ObjectName;enum;1;6;1;0;0;3;1;197
quickbooks-connector2236831;org.mule.modules.quickbooks.windows.schema.Junk;Junk;class;15;30;1;0;405;30;16;439
quickbooks-connector2236831;org.mule.modules.quickbooks.windows.schema.CdmCollections;CdmCollections;class;64;0;2;56;0;0;1;110
quickbooks-connector2236831;org.mule.modules.quickbooks.windows.schema.IdSet;IdSet;class;1;4;1;0;0;2;2;97
quickbooks-connector2236831;org.mule.modules.quickbooks.windows.schema.SortByColumnCustomer;SortByColumnCustomer;enum;1;6;1;0;0;3;1;73
quickbooks-connector2236831;org.mule.modules.quickbooks.windows.schema.ExternalRoleQuery;ExternalRoleQuery;class;1;0;2;0;0;0;1;44
quickbooks-connector2236831;org.mule.modules.quickbooks.windows.schema.AdvSummaryReportParam;AdvSummaryReportParam;class;5;0;2;4;0;0;1;51
quickbooks-connector2236831;org.mule.modules.quickbooks.windows.schema.DateMacro;DateMacro;enum;1;6;1;0;0;3;1;123
quickbooks-connector2236831;org.mule.modules.quickbooks.windows.schema.SalesTaxCodes;SalesTaxCodes;class;2;4;3;0;0;2;2;98
quickbooks-connector2236831;org.mule.modules.quickbooks.windows.schema.EntityTypeEnum;EntityTypeEnum;enum;1;6;1;0;0;3;1;60
quickbooks-connector2236831;org.mule.modules.quickbooks.windows.schema.SortByColumnCharge;SortByColumnCharge;enum;1;6;1;0;0;3;1;57
quickbooks-connector2236831;org.mule.modules.quickbooks.online.objectfactory.QBOMessageUtils;QBOMessageUtils;class;3;12;2;0;17;7;3;74
quickbooks-connector2236831;org.mule.modules.quickbooks.windows.schema.ChargeHeader;ChargeHeader;class;3;30;2;0;405;30;16;444
quickbooks-connector2236831;org.mule.modules.quickbooks.windows.schema.CustomFieldDefinitionQuery;CustomFieldDefinitionQuery;class;1;0;2;0;0;0;1;44
quickbooks-connector2236831;test.Account;Account;class;0;22;1;0;211;22;12;348
quickbooks-connector2236831;org.mule.modules.quickbooks.windows.schema.CdmBase;CdmBase;class;66;22;1;54;135;18;10;386
quickbooks-connector2236831;org.mule.modules.quickbooks.online.objectfactory.ObjectFactory;ObjectFactory;class;4;8;1;0;28;8;3;96
quickbooks-connector2236831;org.mule.modules.quickbooks.windows.schema.Bill;Bill;class;3;6;2;0;2;4;3;130
quickbooks-connector2236831;org.mule.modules.quickbooks.windows.schema.JobQuery;JobQuery;class;2;4;4;0;2;4;3;100
quickbooks-connector2236831;org.mule.modules.quickbooks.windows.schema.VendorRef;VendorRef;class;1;4;1;0;2;4;3;96
quickbooks-connector2236831;org.mule.modules.quickbooks.windows.schema.TelephoneNumber;TelephoneNumber;class;2;24;1;0;209;22;12;362
quickbooks-connector2236831;org.mule.modules.quickbooks.online.automation.testrunners.SmokeTestSuite;SmokeTestSuite;class;5;0;1;0;0;0;0;21
quickbooks-connector2236831;org.mule.modules.quickbooks.windows.schema.SortByColumnBuildAssemblyWithOrder;SortByColumnBuildAssemblyWithOrder;class;1;0;2;0;0;0;1;50
quickbooks-connector2236831;org.mule.modules.quickbooks.windows.schema.SortByColumnInvoiceWithOrder;SortByColumnInvoiceWithOrder;class;1;0;2;0;0;0;1;50
quickbooks-connector2236831;org.mule.modules.quickbooks.windows.schema.AccountQuery;AccountQuery;class;2;2;3;0;0;2;2;74
quickbooks-connector2236831;org.mule.modules.quickbooks.windows.RequestIdGeneratorTestDriver;RequestIdGeneratorTestDriver;class;2;2;1;0;0;1;0;28
quickbooks-connector2236831;org.mule.modules.quickbooks.windows.schema.Payments;Payments;class;2;4;3;0;0;2;2;98
quickbooks-connector2236831;org.mule.modules.quickbooks.windows.schema.Vendors;Vendors;class;2;4;3;0;0;2;2;98
quickbooks-connector2236831;org.mule.modules.quickbooks.windows.schema.NameValues;NameValues;class;2;4;3;0;0;2;2;98
quickbooks-connector2236831;org.mule.modules.quickbooks.windows.schema.SortByColumnAccount;SortByColumnAccount;enum;1;6;1;0;0;3;1;54
quickbooks-connector2236831;org.mule.modules.quickbooks.windows.schema.CustomerTypes;CustomerTypes;class;2;4;3;0;0;2;2;98
quickbooks-connector2236831;org.mule.modules.quickbooks.windows.schema.SyncStatusResponses;SyncStatusResponses;class;2;12;2;0;9;6;4;297
quickbooks-connector2236831;org.mule.modules.quickbooks.windows.schema.DataRow;DataRow;class;1;4;1;0;0;2;2;92
quickbooks-connector2236831;org.mule.modules.quickbooks.windows.schema.VendorCreditLine;VendorCreditLine;class;1;0;3;0;0;0;1;49
quickbooks-connector2236831;org.mule.modules.quickbooks.windows.schema.SortByColumnChargeWithOrder;SortByColumnChargeWithOrder;class;1;0;2;0;0;0;1;50
quickbooks-connector2236831;org.mule.modules.quickbooks.windows.schema.Task;Task;class;1;8;2;0;20;8;5;157
quickbooks-connector2236831;org.mule.modules.quickbooks.windows.schema.JournalEntryHeader;JournalEntryHeader;class;1;2;2;0;0;2;2;79
quickbooks-connector2236831;org.mule.modules.quickbooks.windows.schema.BillPaymentCreditCards;BillPaymentCreditCards;class;2;4;3;0;0;2;2;98
quickbooks-connector2236831;org.mule.modules.quickbooks.windows.schema.BillPaymentQuery;BillPaymentQuery;class;2;6;3;0;9;6;4;127
quickbooks-connector2236831;org.mule.modules.quickbooks.windows.schema.ReportAccountBalances;ReportAccountBalances;class;2;4;2;0;0;2;2;98
quickbooks-connector2236831;org.mule.modules.quickbooks.windows.schema.EntityCollection;EntityCollection;class;0;4;1;0;0;2;2;237
quickbooks-connector2236831;org.mule.modules.quickbooks.windows.schema.TxnRef;TxnRef;class;1;4;1;0;2;4;3;98
quickbooks-connector2236831;org.mule.modules.quickbooks.windows.schema.CDCObjectRequest;CDCObjectRequest;class;1;2;1;0;0;2;2;78
quickbooks-connector2236831;org.mule.modules.quickbooks.windows.schema.AccountTypeEnum;AccountTypeEnum;enum;1;6;1;0;0;3;1;66
quickbooks-connector2236831;org.mule.modules.quickbooks.windows.schema.TimeActivity;TimeActivity;class;8;52;2;0;1274;52;27;737
quickbooks-connector2236831;org.mule.modules.quickbooks.windows.schema.CreditCardRefundHeader;CreditCardRefundHeader;class;5;32;2;0;405;30;16;458
quickbooks-connector2236831;org.mule.modules.quickbooks.windows.schema.SalesRepQuery;SalesRepQuery;class;1;0;3;0;0;0;1;44
quickbooks-connector2236831;org.mule.modules.quickbooks.windows.schema.PaySalesTaxEnum;PaySalesTaxEnum;enum;1;6;1;0;0;3;1;60
quickbooks-connector2236831;org.mule.modules.quickbooks.windows.schema.SearchDocs;SearchDocs;class;1;4;1;0;0;2;2;96
quickbooks-connector2236831;org.mule.modules.quickbooks.windows.schema.Deposits;Deposits;class;2;4;3;0;0;2;2;98
quickbooks-connector2236831;org.mule.modules.quickbooks.windows.schema.TxnTypeEnum;TxnTypeEnum;enum;1;6;1;0;0;3;1;156
quickbooks-connector2236831;org.mule.modules.quickbooks.windows.schema.SalesByCustomerSummary;SalesByCustomerSummary;class;2;2;3;0;0;2;2;74
quickbooks-connector2236831;org.mule.modules.quickbooks.online.api.QuickBooksOnlinePaginatedIterable;QuickBooksOnlinePaginatedIterable;class;10;11;2;0;9;7;7;115
quickbooks-connector2236831;org.mule.modules.quickbooks.windows.schema.NgIdSet;NgIdSet;class;1;8;1;0;20;8;5;156
quickbooks-connector2236831;org.mule.modules.quickbooks.windows.schema.TermQuery;TermQuery;class;1;0;3;0;0;0;1;44
quickbooks-connector2236831;org.mule.modules.quickbooks.api.oauth.QuickBooksOAuthClient;QuickBooksOAuthClient;interface;1;2;1;0;1;2;0;26
quickbooks-connector2236831;org.mule.modules.quickbooks.windows.schema.CompanyRequest;CompanyRequest;class;2;4;1;0;2;4;3;99
quickbooks-connector2236831;org.mule.modules.quickbooks.windows.schema.ObjectStateEnum;ObjectStateEnum;enum;1;6;1;0;0;3;1;60
quickbooks-connector2236831;org.mule.modules.quickbooks.MapBuilder;MapBuilder;class;1;2;1;0;0;2;1;36
quickbooks-connector2236831;org.mule.modules.quickbooks.windows.schema.DiscountQuery;DiscountQuery;class;1;0;3;0;0;0;1;44
quickbooks-connector2236831;org.mule.modules.quickbooks.windows.schema.SalesOrderStatusFilterEnumType;SalesOrderStatusFilterEnumType;enum;1;6;1;0;0;3;1;81
quickbooks-connector2236831;org.mule.modules.quickbooks.windows.schema.TemplateName;TemplateName;class;2;6;2;0;9;6;4;131
quickbooks-connector2236831;org.mule.modules.quickbooks.windows.schema.ColDesc;ColDesc;class;1;4;1;0;2;4;3;99
quickbooks-connector2236831;org.mule.modules.quickbooks.windows.schema.TransactionQueryBase;TransactionQueryBase;class;30;46;2;1;819;42;22;647
quickbooks-connector2236831;org.mule.modules.quickbooks.windows.schema.SortByColumnBillPaymentWithOrder;SortByColumnBillPaymentWithOrder;class;1;0;2;0;0;0;1;50
quickbooks-connector2236831;org.mule.modules.quickbooks.windows.schema.ChargeLine;ChargeLine;class;3;20;2;0;170;20;11;306
quickbooks-connector2236831;org.mule.modules.quickbooks.windows.schema.MetaData;MetaData;class;1;4;1;0;2;4;3;90
quickbooks-connector2236831;org.mule.modules.quickbooks.online.automation.testcases.UpdateInvoiceTestCases;UpdateInvoiceTestCases;class;10;4;4;0;0;4;3;53
quickbooks-connector2236831;org.mule.modules.quickbooks.windows.schema.ItemConsolidated;ItemConsolidated;class;4;22;2;0;209;22;12;342
quickbooks-connector2236831;org.mule.modules.quickbooks.windows.schema.PurchaseOrderHeader;PurchaseOrderHeader;class;7;40;3;0;740;40;21;572
quickbooks-connector2236831;org.mule.modules.quickbooks.windows.schema.CdmObjectRef;CdmObjectRef;class;3;4;1;2;2;4;3;103
quickbooks-connector2236831;org.mule.modules.quickbooks.windows.schema.EmployeeQuery;EmployeeQuery;class;2;12;4;0;54;12;7;206
quickbooks-connector2236831;org.mule.modules.quickbooks.windows.schema.TelephoneNumberLabelType;TelephoneNumberLabelType;enum;1;6;1;0;0;3;1;66
quickbooks-connector2236831;org.mule.modules.quickbooks.windows.schema.Payment;Payment;class;3;6;2;0;2;4;3;130
quickbooks-connector2236831;org.mule.modules.quickbooks.windows.schema.BillLine;BillLine;class;2;4;3;0;2;4;3;102
quickbooks-connector2236831;org.mule.modules.quickbooks.windows.schema.CheckHeader;CheckHeader;class;4;20;2;0;170;20;11;310
quickbooks-connector2236831;org.mule.modules.quickbooks.windows.schema.VendorType;VendorType;class;2;8;2;0;20;8;5;158
quickbooks-connector2236831;org.mule.modules.quickbooks.windows.schema.SortByColumnVendor;SortByColumnVendor;enum;1;6;1;0;0;3;1;70
quickbooks-connector2236831;org.mule.modules.quickbooks.windows.schema.SortByColumnEstimateWithOrder;SortByColumnEstimateWithOrder;class;1;0;2;0;0;0;1;50
quickbooks-connector2236831;org.mule.modules.quickbooks.online.QuickBooksOnlineModule;QuickBooksOnlineModule;class;41;100;1;0;1207;78;15;1357
quickbooks-connector2236831;org.mule.modules.quickbooks.windows.schema.WebSiteAddress;WebSiteAddress;class;2;12;1;0;35;10;6;206
quickbooks-connector2236831;org.mule.modules.quickbooks.windows.schema.EmailAddress;EmailAddress;class;2;12;1;0;35;10;6;206
quickbooks-connector2236831;org.mule.modules.quickbooks.windows.schema.SalesByItemSummary;SalesByItemSummary;class;1;0;3;0;0;0;1;44
quickbooks-connector2236831;org.mule.modules.quickbooks.windows.schema.TimeActivities;TimeActivities;class;2;4;3;0;0;2;2;98
quickbooks-connector2236831;org.mule.modules.quickbooks.online.QBOObjectFactoriesTest;QBOObjectFactoriesTest;class;5;2;1;0;0;2;1;52
quickbooks-connector2236831;org.mule.modules.quickbooks.windows.schema.TimeActivityQuery;TimeActivityQuery;class;2;6;3;0;9;6;4;126
quickbooks-connector2236831;org.mule.modules.quickbooks.windows.schema.CDCObject;CDCObject;class;2;4;1;0;2;4;3;110
quickbooks-connector2236831;org.mule.modules.quickbooks.windows.schema.Customers;Customers;class;2;4;3;0;0;2;2;98
quickbooks-connector2236831;org.mule.modules.quickbooks.windows.schema.JobTypes;JobTypes;class;2;4;3;0;0;2;2;98
quickbooks-connector2236831;org.mule.modules.quickbooks.windows.schema.SortByColumnEnum;SortByColumnEnum;enum;1;6;1;0;0;3;1;60
quickbooks-connector2236831;org.mule.modules.quickbooks.windows.schema.DepositHeader;DepositHeader;class;3;8;2;0;20;8;5;157
quickbooks-connector2236831;org.mule.modules.quickbooks.windows.schema.SortByColumnPurchaseOrder;SortByColumnPurchaseOrder;enum;1;6;1;0;0;3;1;57
quickbooks-connector2236831;org.mule.modules.quickbooks.windows.schema.AcquiredAsEnum;AcquiredAsEnum;enum;1;6;1;0;0;3;1;57
quickbooks-connector2236831;org.mule.modules.quickbooks.windows.schema.CustomFieldDefinition;CustomFieldDefinition;class;6;16;1;3;96;16;9;271
quickbooks-connector2236831;org.mule.modules.quickbooks.windows.schema.RateHistory;RateHistory;class;0;4;1;0;2;4;3;105
quickbooks-connector2236831;org.mule.modules.quickbooks.windows.schema.SortByColumnDepositWithOrder;SortByColumnDepositWithOrder;class;1;0;2;0;0;0;1;50
quickbooks-connector2236831;org.mule.modules.quickbooks.windows.schema.SortByColumnItemReceiptWithOrder;SortByColumnItemReceiptWithOrder;class;1;0;2;0;0;0;1;50
quickbooks-connector2236831;org.mule.modules.quickbooks.api.openid.OpenIDManager;OpenIDManager;class;2;5;1;0;0;5;2;38
quickbooks-connector2236831;org.mule.modules.quickbooks.windows.schema.PaymentHeader;PaymentHeader;class;3;32;2;0;464;32;17;464
quickbooks-connector2236831;org.mule.modules.quickbooks.windows.schema.SearchDoc;SearchDoc;class;2;6;1;0;9;6;4;116
quickbooks-connector2236831;org.mule.modules.quickbooks.windows.schema.PhysicalAddress;PhysicalAddress;class;2;38;1;0;594;36;19;544
quickbooks-connector2236831;org.mule.modules.quickbooks.windows.schema.PaymentMethod;PaymentMethod;class;1;6;2;0;9;6;4;137
quickbooks-connector2236831;org.mule.modules.quickbooks.windows.schema.CreditMemoLine;CreditMemoLine;class;1;2;3;0;0;2;2;79
quickbooks-connector2236831;org.mule.modules.quickbooks.windows.schema.CreditCardCharge;CreditCardCharge;class;3;6;2;0;2;4;3;130
quickbooks-connector2236831;org.mule.modules.quickbooks.windows.schema.VendorCredit;VendorCredit;class;3;6;2;0;2;4;3;126
quickbooks-connector2236831;org.mule.modules.quickbooks.api.oauth.QuickBooksObjectStore;QuickBooksObjectStore;class;2;11;1;0;6;9;1;67
quickbooks-connector2236831;org.mule.modules.quickbooks.windows.schema.SortByColumn;SortByColumn;class;1;0;2;0;0;0;1;50
quickbooks-connector2236831;org.mule.modules.quickbooks.api.AbstractQuickBooksClientOAuth;AbstractQuickBooksClientOAuth;class;25;50;1;2;135;17;11;290
quickbooks-connector2236831;org.mule.modules.quickbooks.windows.schema.BalanceSheetStd;BalanceSheetStd;class;1;0;3;0;0;0;1;44
quickbooks-connector2236831;org.mule.modules.quickbooks.windows.schema.DepositLine;DepositLine;class;5;30;2;0;405;30;16;437
quickbooks-connector2236831;org.mule.modules.quickbooks.windows.schema.Checks;Checks;class;2;4;3;0;0;2;2;98
quickbooks-connector2236831;org.mule.modules.quickbooks.windows.schema.PaymentStatusEnum;PaymentStatusEnum;enum;1;6;1;0;0;3;1;81
quickbooks-connector2236831;org.mule.modules.quickbooks.online.api.QuickBooksOnlineQueryEvaluatorTest;QuickBooksOnlineQueryEvaluatorTest;class;1;3;1;0;3;3;0;40
quickbooks-connector2236831;org.mule.modules.quickbooks.windows.schema.ItemConsolidatedQuery;ItemConsolidatedQuery;class;1;4;3;0;2;4;3;105
quickbooks-connector2236831;org.mule.modules.quickbooks.windows.schema.PurchaseOrderLine;PurchaseOrderLine;class;4;34;2;0;527;34;18;487
quickbooks-connector2236831;org.mule.modules.quickbooks.windows.schema.JournalEntries;JournalEntries;class;2;4;3;0;0;2;2;98
quickbooks-connector2236831;org.mule.modules.quickbooks.online.api.QuickBooksOnlineDataServiceHelper;QuickBooksOnlineDataServiceHelper;class;10;10;1;0;8;5;3;66
quickbooks-connector2236831;org.mule.modules.quickbooks.windows.schema.ObjectRef;ObjectRef;class;3;2;2;1;0;2;2;84
quickbooks-connector2236831;org.mule.modules.quickbooks.windows.schema.SortByColumnTimeActivity;SortByColumnTimeActivity;enum;1;6;1;0;0;3;1;54
quickbooks-connector2236831;org.mule.modules.quickbooks.windows.schema.CheckQuery;CheckQuery;class;1;4;3;0;2;4;3;101
quickbooks-connector2236831;org.mule.modules.quickbooks.windows.schema.ItemReceipts;ItemReceipts;class;2;4;3;0;0;2;2;98
quickbooks-connector2236831;org.mule.modules.quickbooks.windows.schema.SortByColumnBill;SortByColumnBill;enum;1;6;1;0;0;3;1;60
quickbooks-connector2236831;org.mule.modules.quickbooks.windows.schema.CDCObjectResponses;CDCObjectResponses;class;2;4;2;0;0;2;2;98
quickbooks-connector2236831;org.mule.modules.quickbooks.windows.schema.CashPurchaseHeader;CashPurchaseHeader;class;4;18;2;0;135;18;10;284
quickbooks-connector2236831;org.mule.modules.quickbooks.windows.schema.ReportBasisEnum;ReportBasisEnum;enum;1;6;1;0;0;3;1;57
quickbooks-connector2236831;org.mule.modules.quickbooks.windows.schema.CashPurchaseLine;CashPurchaseLine;class;1;0;3;0;0;0;1;49
quickbooks-connector2236831;org.mule.modules.quickbooks.windows.schema.BillPaymentLine;BillPaymentLine;class;2;18;2;0;135;18;10;285
quickbooks-connector2236831;org.mule.modules.quickbooks.windows.schema.SynchronizedFilterEnumType;SynchronizedFilterEnumType;enum;1;6;1;0;0;3;1;60
quickbooks-connector2236831;org.mule.modules.quickbooks.windows.schema.CashPurchases;CashPurchases;class;2;4;3;0;0;2;2;98
quickbooks-connector2236831;org.mule.modules.quickbooks.api.exception.QuickBooksRuntimeException;QuickBooksRuntimeException;class;2;6;4;0;0;6;2;57
quickbooks-connector2236831;org.mule.modules.quickbooks.windows.schema.SortByColumnBuildAssembly;SortByColumnBuildAssembly;enum;1;6;1;0;0;3;1;54
quickbooks-connector2236831;org.mule.modules.quickbooks.windows.WindowsEntityType;WindowsEntityType;enum;113;8;1;0;1;7;3;761
quickbooks-connector2236831;org.mule.modules.quickbooks.windows.schema.BOMComponents;BOMComponents;class;2;4;3;0;0;2;2;98
quickbooks-connector2236831;org.mule.modules.quickbooks.windows.schema.PriceLevel;PriceLevel;class;4;16;2;0;77;14;8;253
quickbooks-connector2236831;org.mule.modules.quickbooks.windows.schema.CashPayment;CashPayment;class;0;2;1;0;0;2;2;78
quickbooks-connector2236831;org.mule.modules.quickbooks.windows.schema.InventoryTransfer;InventoryTransfer;class;3;6;2;0;2;4;3;126
quickbooks-connector2236831;org.mule.modules.quickbooks.windows.schema.SalesTaxQuery;SalesTaxQuery;class;1;0;3;0;0;0;1;44
quickbooks-connector2236831;org.mule.modules.quickbooks.windows.schema.ItemQuery;ItemQuery;class;2;6;3;0;9;6;4;126
quickbooks-connector2236831;org.mule.modules.quickbooks.windows.schema.FixedAssets;FixedAssets;class;2;4;3;0;0;2;2;98
quickbooks-connector2236831;org.mule.modules.quickbooks.windows.schema.Persons;Persons;class;1;4;1;0;0;2;2;92
quickbooks-connector2236831;org.mule.modules.quickbooks.windows.schema.ShipMethodQuery;ShipMethodQuery;class;1;0;3;0;0;0;1;44
quickbooks-connector2236831;org.mule.modules.quickbooks.windows.schema.SyncActivityResponses;SyncActivityResponses;class;2;4;2;0;0;2;2;98
quickbooks-connector2236831;org.mule.modules.quickbooks.windows.schema.Class;Class;class;2;8;2;0;20;8;5;158
quickbooks-connector2236831;org.mule.modules.quickbooks.windows.schema.PostingTypeEnum;PostingTypeEnum;enum;1;6;1;0;0;3;1;57
quickbooks-connector2236831;org.mule.modules.quickbooks.windows.schema.SortByColumnEmployee;SortByColumnEmployee;enum;1;6;1;0;0;3;1;70
quickbooks-connector2236831;org.mule.modules.quickbooks.windows.schema.BillQuery;BillQuery;class;2;8;3;0;20;8;5;153
quickbooks-connector2236831;org.mule.modules.quickbooks.online.automation.testcases.QueryTestCases;QueryTestCases;class;9;7;3;0;0;5;2;66
quickbooks-connector2236831;org.mule.modules.quickbooks.windows.schema.SyncType;SyncType;enum;1;6;1;0;0;3;1;57
quickbooks-connector2236831;org.mule.modules.quickbooks.windows.schema.PurchaseOrderQuery;PurchaseOrderQuery;class;2;8;3;0;20;8;5;153
quickbooks-connector2236831;org.mule.modules.quickbooks.windows.schema.Person;Person;class;7;38;2;0;350;28;15;494
quickbooks-connector2236831;org.mule.modules.quickbooks.windows.schema.RequestName;RequestName;enum;1;6;1;0;0;3;1;609
quickbooks-connector2236831;org.mule.modules.quickbooks.windows.schema.ReportProfitAndLoss;ReportProfitAndLoss;class;2;2;2;0;0;2;2;79
quickbooks-connector2236831;org.mule.modules.quickbooks.windows.schema.SalesTaxPaymentCheckHeader;SalesTaxPaymentCheckHeader;class;4;16;2;0;104;16;9;257
quickbooks-connector2236831;org.mule.modules.quickbooks.windows.schema.TxnGeneric;TxnGeneric;class;7;18;3;0;103;18;11;324
quickbooks-connector2236831;org.mule.modules.quickbooks.windows.schema.TemplateRefParam;TemplateRefParam;class;2;4;1;0;2;4;3;99
quickbooks-connector2236831;org.mule.modules.quickbooks.windows.schema.ValueAdj;ValueAdj;class;0;4;1;0;2;4;3;99
quickbooks-connector2236831;org.mule.modules.quickbooks.windows.schema.JobStatusEnum;JobStatusEnum;enum;1;6;1;0;0;3;1;69
quickbooks-connector2236831;org.mule.modules.quickbooks.windows.schema.Check;Check;class;3;6;2;0;2;4;3;130
quickbooks-connector2236831;org.mule.modules.quickbooks.windows.schema.SalesOrderHeader;SalesOrderHeader;class;3;20;3;0;170;20;11;312
quickbooks-connector2236831;org.mule.modules.quickbooks.windows.schema.CurrencyInfoQuery;CurrencyInfoQuery;class;2;6;3;0;9;6;4;126
quickbooks-connector2236831;org.mule.modules.quickbooks.api.exception.QuickBooksExpiredTokenException;QuickBooksExpiredTokenException;class;0;3;4;0;3;3;1;32
quickbooks-connector2236831;org.mule.modules.quickbooks.windows.schema.CompaniesMetaData;CompaniesMetaData;class;2;4;3;0;0;2;2;98
quickbooks-connector2236831;org.mule.modules.quickbooks.windows.schema.HeaderPurchase;HeaderPurchase;class;6;10;2;3;35;10;6;190
quickbooks-connector2236831;org.mule.modules.quickbooks.api.gateway.oauth.OAuthGateway;OAuthGateway;class;15;20;1;0;0;13;3;163
quickbooks-connector2236831;org.mule.modules.quickbooks.windows.schema.SortByColumnBillWithOrder;SortByColumnBillWithOrder;class;1;0;2;0;0;0;1;50
quickbooks-connector2236831;org.mule.modules.quickbooks.windows.schema.TimeActivityTypeEnum;TimeActivityTypeEnum;enum;1;6;1;0;0;3;1;57
quickbooks-connector2236831;org.mule.modules.quickbooks.windows.schema.CurrencyInfos;CurrencyInfos;class;2;4;3;0;0;2;2;98
quickbooks-connector2236831;org.mule.modules.quickbooks.windows.schema.OfferingId;OfferingId;enum;1;6;1;0;0;3;1;60
quickbooks-connector2236831;org.mule.modules.quickbooks.windows.schema.SalesTaxRef;SalesTaxRef;class;1;4;1;0;2;4;3;98
quickbooks-connector2236831;org.mule.modules.quickbooks.windows.schema.Accounts;Accounts;class;2;4;3;0;0;2;2;98
quickbooks-connector2236831;org.mule.modules.quickbooks.windows.schema.CustomerRef;CustomerRef;class;1;4;1;0;2;4;3;96
quickbooks-connector2236831;org.mule.modules.quickbooks.windows.schema.PayrollNonWageItemTypeEnum;PayrollNonWageItemTypeEnum;enum;1;6;1;0;0;3;1;66
quickbooks-connector2236831;org.mule.modules.quickbooks.windows.schema.JournalEntryQueryBase;JournalEntryQueryBase;class;6;28;2;0;299;26;14;415
quickbooks-connector2236831;org.mule.modules.quickbooks.windows.schema.BillPayments;BillPayments;class;2;4;3;0;0;2;2;98
quickbooks-connector2236831;org.mule.modules.quickbooks.windows.schema.EmployeeRef;EmployeeRef;class;1;4;1;0;2;4;3;96
quickbooks-connector2236831;org.mule.modules.quickbooks.windows.schema.SortByColumnNameAmountDueDate;SortByColumnNameAmountDueDate;enum;1;6;1;0;0;3;1;60
quickbooks-connector2236831;org.mule.modules.quickbooks.windows.schema.PaymentDetail;PaymentDetail;class;3;6;1;0;9;6;4;130
quickbooks-connector2236831;org.mule.modules.quickbooks.windows.schema.SortByColumnTaskWithOrder;SortByColumnTaskWithOrder;class;1;0;2;0;0;0;1;50
quickbooks-connector2236831;org.mule.modules.quickbooks.windows.schema.SalesTaxPaymentCheckQuery;SalesTaxPaymentCheckQuery;class;1;4;3;0;2;4;3;101
quickbooks-connector2236831;org.mule.modules.quickbooks.windows.schema.TxnGenerics;TxnGenerics;class;2;4;3;0;0;2;2;98
quickbooks-connector2236831;org.mule.modules.quickbooks.windows.schema.SortByColumnCustomerWithOrder;SortByColumnCustomerWithOrder;class;1;0;2;0;0;0;1;50
quickbooks-connector2236831;org.mule.modules.quickbooks.online.automation.SmokeTests;SmokeTests;interface;0;0;1;0;0;0;0;12
quickbooks-connector2236831;org.mule.modules.quickbooks.windows.schema.QueryBase;QueryBase;class;13;16;1;3;54;12;7;239
quickbooks-connector2236831;org.mule.modules.quickbooks.windows.schema.SortByColumnSalesReceipt;SortByColumnSalesReceipt;enum;1;6;1;0;0;3;1;57
quickbooks-connector2236831;org.mule.modules.quickbooks.windows.schema.SortByColumnInventoryAdjustmentWithOrder;SortByColumnInventoryAdjustmentWithOrder;class;1;0;2;0;0;0;1;50
quickbooks-connector2236831;org.mule.modules.quickbooks.windows.schema.BillPaymentCreditCardQuery;BillPaymentCreditCardQuery;class;1;4;3;0;2;4;3;101
quickbooks-connector2236831;org.mule.modules.quickbooks.windows.schema.ClassQuery;ClassQuery;class;1;0;3;0;0;0;1;44
quickbooks-connector2236831;org.mule.modules.quickbooks.windows.schema.InvoiceHeader;InvoiceHeader;class;3;36;3;0;527;34;18;508
quickbooks-connector2236831;org.mule.modules.quickbooks.windows.schema.SortByColumnItem;SortByColumnItem;enum;1;6;1;0;0;3;1;62
quickbooks-connector2236831;org.mule.modules.quickbooks.windows.schema.EmailAddressLabelType;EmailAddressLabelType;enum;1;6;1;0;0;3;1;57
quickbooks-connector2236831;org.mule.modules.quickbooks.windows.schema.Offering;Offering;class;2;14;1;0;77;14;8;237
quickbooks-connector2236831;org.mule.modules.quickbooks.windows.schema.PaymentQuery;PaymentQuery;class;3;8;3;0;20;8;5;153
quickbooks-connector2236831;org.mule.modules.quickbooks.windows.schema.InventoryAdjustment;InventoryAdjustment;class;3;6;2;0;2;4;3;124
quickbooks-connector2236831;org.mule.modules.quickbooks.windows.schema.CdmObject;CdmObject;class;8;0;1;6;0;0;1;53
quickbooks-connector2236831;org.mule.modules.quickbooks.windows.schema.Items;Items;class;2;4;3;0;0;2;2;98
quickbooks-connector2236831;org.mule.modules.quickbooks.api.model.PlatformResponse;PlatformResponse;class;0;6;1;0;9;6;4;53
quickbooks-connector2236831;org.mule.modules.quickbooks.online.IntuitEntityEnum;IntuitEntityEnum;enum;17;4;1;0;0;3;1;152
quickbooks-connector2236831;org.mule.modules.quickbooks.online.automation.testcases.GetCompanyInfoTestCases;GetCompanyInfoTestCases;class;5;1;3;0;0;1;0;24
quickbooks-connector2236831;org.mule.modules.quickbooks.windows.schema.DateTypeCustomFieldDefinition;DateTypeCustomFieldDefinition;class;2;6;2;0;9;6;4;141
quickbooks-connector2236831;org.mule.modules.quickbooks.windows.schema.Report;Report;class;4;8;2;0;9;6;4;145
quickbooks-connector2236831;org.mule.modules.quickbooks.windows.schema.InventorySite;InventorySite;class;5;26;2;0;135;18;10;356
quickbooks-connector2236831;org.mule.modules.quickbooks.windows.schema.PostAction;PostAction;enum;1;2;1;0;1;2;0;45
quickbooks-connector2236831;org.mule.modules.quickbooks.windows.schema.Deposit;Deposit;class;3;6;2;0;2;4;3;124
quickbooks-connector2236831;org.mule.modules.quickbooks.windows.schema.OperatorEnumType;OperatorEnumType;enum;1;2;1;0;1;2;0;113
quickbooks-connector2236831;org.mule.modules.quickbooks.windows.schema.SeatType;SeatType;enum;1;6;1;0;0;3;1;57
quickbooks-connector2236831;org.mule.modules.quickbooks.windows.schema.ModificationMetaData;ModificationMetaData;class;1;12;1;0;54;12;7;216
quickbooks-connector2236831;org.mule.modules.quickbooks.windows.schema.CustomFieldDefinitions;CustomFieldDefinitions;class;1;4;3;0;0;2;2;223
quickbooks-connector2236831;org.mule.modules.quickbooks.windows.schema.SortByColumnFixedAssetWithOrder;SortByColumnFixedAssetWithOrder;class;1;0;2;0;0;0;1;50
quickbooks-connector2236831;org.mule.modules.quickbooks.windows.schema.Tasks;Tasks;class;2;4;3;0;0;2;2;98
quickbooks-connector2236831;org.mule.modules.quickbooks.windows.schema.SortByColumnJournalEntryWithOrder;SortByColumnJournalEntryWithOrder;class;1;0;2;0;0;0;1;50
quickbooks-connector2236831;org.mule.modules.quickbooks.online.automation.testcases.UpdateCustomerTestCases;UpdateCustomerTestCases;class;8;4;3;0;0;4;1;50
quickbooks-connector2236831;org.mule.modules.quickbooks.windows.schema.ShipMethod;ShipMethod;class;1;4;2;0;2;4;3;107
quickbooks-connector2236831;org.mule.modules.quickbooks.windows.schema.ItemGroupComponentQuery;ItemGroupComponentQuery;class;2;2;2;0;0;2;2;74
quickbooks-connector2236831;org.mule.modules.quickbooks.windows.schema.RoleBase;RoleBase;class;13;60;2;1;1175;50;26;778
quickbooks-connector2236831;org.mule.modules.quickbooks.windows.schema.UOMQuery;UOMQuery;class;1;0;3;0;0;0;1;44
quickbooks-connector2236831;org.mule.modules.quickbooks.windows.schema.ExternalKey;ExternalKey;class;1;0;2;0;0;0;1;49
quickbooks-connector2236831;org.mule.modules.quickbooks.windows.schema.PayrollNonWageItemQuery;PayrollNonWageItemQuery;class;2;4;3;0;2;4;3;100
quickbooks-connector2236831;org.mule.modules.quickbooks.windows.schema.Estimates;Estimates;class;2;4;3;0;0;2;2;98
quickbooks-connector2236831;org.mule.modules.quickbooks.windows.schema.TemplateFiles;TemplateFiles;class;1;4;3;0;0;2;2;98
quickbooks-connector2236831;org.mule.modules.quickbooks.online.automation.testrunners.RegressionTestSuite;RegressionTestSuite;class;17;0;1;0;0;0;0;45
quickbooks-connector2236831;org.mule.modules.quickbooks.windows.schema.OtherName;OtherName;class;1;4;3;0;2;4;3;107
quickbooks-connector2236831;org.mule.modules.quickbooks.windows.schema.Employee;Employee;class;2;16;3;0;104;16;9;263
quickbooks-connector2236831;org.mule.modules.quickbooks.windows.schema.SalesOrder;SalesOrder;class;4;10;2;0;9;6;4;169
quickbooks-connector2236831;org.mule.modules.quickbooks.windows.schema.SalesReceiptQuery;SalesReceiptQuery;class;2;6;3;0;9;6;4;126
quickbooks-connector2236831;org.mule.modules.quickbooks.windows.schema.SalesReceipt;SalesReceipt;class;4;10;2;0;9;6;4;173
quickbooks-connector2236831;org.mule.modules.quickbooks.windows.schema.CCPaymentStatusEnum;CCPaymentStatusEnum;enum;1;6;1;0;0;3;1;66
quickbooks-connector2236831;org.mule.modules.quickbooks.windows.schema.JournalEntryQuery;JournalEntryQuery;class;3;8;3;0;20;8;5;152
quickbooks-connector2236831;org.mule.modules.quickbooks.windows.schema.SortBy;SortBy;class;31;6;1;30;0;4;3;133
quickbooks-connector2236831;org.mule.modules.quickbooks.windows.schema.CreditMemoQuery;CreditMemoQuery;class;2;6;3;0;9;6;4;126
quickbooks-connector2236831;org.mule.modules.quickbooks.windows.schema.SortByColumnNameAmount;SortByColumnNameAmount;enum;1;6;1;0;0;3;1;57
quickbooks-connector2236831;org.mule.modules.quickbooks.windows.schema.CreditCardCreditHeader;CreditCardCreditHeader;class;3;12;2;0;54;12;7;207
quickbooks-connector2236831;org.mule.modules.quickbooks.windows.schema.SalesOrderQuery;SalesOrderQuery;class;4;14;3;0;77;14;8;231
quickbooks-connector2236831;org.mule.modules.quickbooks.windows.schema.SortByColumnOtherName;SortByColumnOtherName;enum;1;6;1;0;0;3;1;70
quickbooks-connector2236831;org.mule.modules.quickbooks.windows.schema.SyncActivityResponse;SyncActivityResponse;class;3;14;1;0;54;12;7;239
quickbooks-connector2236831;org.mule.modules.quickbooks.windows.schema.CreditCardCreditQuery;CreditCardCreditQuery;class;1;2;3;0;0;2;2;74
quickbooks-connector2236831;org.mule.modules.quickbooks.windows.schema.CreditCardRefund;CreditCardRefund;class;2;2;2;0;0;2;2;81
quickbooks-connector2236831;org.mule.modules.quickbooks.windows.schema.TemplateNameQuery;TemplateNameQuery;class;1;0;3;0;0;0;1;44
quickbooks-connector2236831;org.mule.modules.quickbooks.windows.schema.CreditCardChargeHeader;CreditCardChargeHeader;class;3;12;2;0;54;12;7;207
quickbooks-connector2236831;org.mule.modules.quickbooks.windows.schema.CreditCardCredit;CreditCardCredit;class;3;6;2;0;2;4;3;124
quickbooks-connector2236831;org.mule.modules.quickbooks.windows.schema.VendorCreditHeader;VendorCreditHeader;class;2;8;3;0;20;8;5;155
quickbooks-connector2236831;org.mule.modules.quickbooks.windows.schema.CurrencyCode;CurrencyCode;enum;1;2;1;0;1;2;0;419
quickbooks-connector2236831;org.mule.modules.quickbooks.windows.schema.CustomFieldFilterEnumType;CustomFieldFilterEnumType;enum;1;6;1;0;0;3;1;57
quickbooks-connector2236831;org.mule.modules.quickbooks.windows.schema.SortByColumnPayment;SortByColumnPayment;enum;1;6;1;0;0;3;1;57
quickbooks-connector2236831;org.mule.modules.quickbooks.online.automation.testcases.DeleteInvoiceTestCases;DeleteInvoiceTestCases;class;7;7;4;0;10;5;0;63
quickbooks-connector2236831;org.mule.modules.quickbooks.windows.schema.LineBase;LineBase;class;15;10;1;6;20;8;5;191
quickbooks-connector2236831;org.mule.modules.quickbooks.api.openid.DefaultOpenIDClient;DefaultOpenIDClient;class;20;21;1;0;3;6;2;183
quickbooks-connector2236831;org.mule.modules.quickbooks.windows.schema.Summary1099;Summary1099;class;1;2;3;0;0;2;2;74
quickbooks-connector2236831;org.mule.modules.quickbooks.QuickBooksCommonsOAuthClientTest;QuickBooksCommonsOAuthClientTest;class;7;8;1;0;24;8;18;96
quickbooks-connector2236831;org.mule.modules.quickbooks.windows.schema.VendorCreditsToApply;VendorCreditsToApply;class;2;4;3;0;0;2;2;98
quickbooks-connector2236831;org.mule.modules.quickbooks.windows.schema.Bills;Bills;class;2;4;3;0;0;2;2;98
quickbooks-connector2236831;org.mule.modules.quickbooks.windows.schema.RecordCount;RecordCount;class;0;4;1;0;2;4;3;100
quickbooks-connector2236831;org.mule.modules.quickbooks.api.oauth.DefaultQuickBooksOAuthClient;DefaultQuickBooksOAuthClient;class;12;26;1;0;15;10;5;188
quickbooks-connector2236831;org.mule.modules.quickbooks.windows.schema.EstimateLine;EstimateLine;class;1;0;3;0;0;0;1;49
quickbooks-connector2236831;org.mule.modules.quickbooks.windows.schema.InventorySiteQuery;InventorySiteQuery;class;2;4;3;0;2;4;3;100
quickbooks-connector2236831;org.mule.modules.quickbooks.windows.schema.BatchRequestSet;BatchRequestSet;class;1;10;1;0;20;8;5;181
quickbooks-connector2236831;org.mule.modules.quickbooks.windows.schema.CCTxnModeEnum;CCTxnModeEnum;enum;1;6;1;0;0;3;1;57
quickbooks-connector2236831;org.mule.modules.quickbooks.windows.schema.SortByColumnTask;SortByColumnTask;enum;1;6;1;0;0;3;1;54
quickbooks-connector2236831;org.mule.modules.quickbooks.windows.schema.ReportQueryBase;ReportQueryBase;class;10;16;1;2;104;16;9;265
quickbooks-connector2236831;org.mule.modules.quickbooks.windows.schema.Account;Account;class;3;28;2;0;350;28;15;423
quickbooks-connector2236831;org.mule.modules.quickbooks.windows.schema.JobInfo;JobInfo;class;2;14;1;0;77;14;8;228
quickbooks-connector2236831;org.mule.modules.quickbooks.windows.schema.PaymentMethodQuery;PaymentMethodQuery;class;1;0;3;0;0;0;1;44
quickbooks-connector2236831;org.mule.modules.quickbooks.windows.schema.Preferences;Preferences;class;3;40;1;0;740;40;21;498
quickbooks-connector2236831;org.mule.modules.quickbooks.windows.schema.Party;Party;class;1;4;2;0;0;2;2;148
quickbooks-connector2236831;org.mule.modules.quickbooks.windows.schema.HeaderBase;HeaderBase;class;17;12;1;5;54;12;7;227
quickbooks-connector2236831;org.mule.modules.quickbooks.windows.schema.JobTypeQuery;JobTypeQuery;class;2;2;3;0;0;2;2;74
quickbooks-connector2236831;org.mule.modules.quickbooks.windows.schema.ReimbursableTypeEnum;ReimbursableTypeEnum;enum;1;6;1;0;0;3;1;60
quickbooks-connector2236831;org.mule.modules.quickbooks.windows.schema.SalesReps;SalesReps;class;2;4;3;0;0;2;2;98
quickbooks-connector2236831;org.mule.modules.quickbooks.windows.schema.Invoices;Invoices;class;2;4;3;0;0;2;2;98
quickbooks-connector2236831;org.mule.modules.quickbooks.windows.schema.VendorTypes;VendorTypes;class;2;4;3;0;0;2;2;98
quickbooks-connector2236831;org.mule.modules.quickbooks.windows.schema.InventoryAdjustments;InventoryAdjustments;class;2;4;3;0;0;2;2;98
quickbooks-connector2236831;org.mule.modules.quickbooks.windows.schema.BuildAssemblyStatusEnum;BuildAssemblyStatusEnum;enum;1;6;1;0;0;3;1;57
quickbooks-connector2236831;org.mule.modules.quickbooks.windows.schema.DepositQuery;DepositQuery;class;2;6;3;0;9;6;4;127
quickbooks-connector2236831;org.mule.modules.quickbooks.windows.schema.CurrencyFormatInfo;CurrencyFormatInfo;class;1;8;1;0;20;8;5;151
quickbooks-connector2236831;org.mule.modules.quickbooks.api.model.UserResponse;UserResponse;class;1;6;1;0;9;6;4;57
quickbooks-connector2236831;org.mule.modules.quickbooks.windows.schema.ReconnectResponse;ReconnectResponse;class;0;10;1;0;35;10;6;181
quickbooks-connector2236831;org.mule.modules.quickbooks.windows.schema.CustomerType;CustomerType;class;2;8;2;0;20;8;5;158
quickbooks-connector2236831;org.mule.modules.quickbooks.windows.schema.ListQueryBase;ListQueryBase;class;32;36;2;14;405;30;16;499
quickbooks-connector2236831;org.mule.modules.quickbooks.windows.schema.BillPayment;BillPayment;class;3;6;2;0;2;4;3;130
quickbooks-connector2236831;org.mule.modules.quickbooks.windows.schema.FixedAsset;FixedAsset;class;3;44;2;0;902;44;23;629
quickbooks-connector2236831;org.mule.modules.quickbooks.windows.schema.SeparatorEnum;SeparatorEnum;enum;1;6;1;0;0;3;1;63
quickbooks-connector2236831;org.mule.modules.quickbooks.windows.schema.SortByColumnPurchaseOrderWithOrder;SortByColumnPurchaseOrderWithOrder;class;1;0;2;0;0;0;1;50
quickbooks-connector2236831;org.mule.modules.quickbooks.windows.schema.Label;Label;class;1;4;1;0;2;4;3;104
quickbooks-connector2236831;org.mule.modules.quickbooks.api.gateway.MuleOAuthCredentialStorage;MuleOAuthCredentialStorage;class;1;18;1;0;141;18;6;83
quickbooks-connector2236831;org.mule.modules.quickbooks.windows.schema.PaymentMethods;PaymentMethods;class;2;4;3;0;0;2;2;98
quickbooks-connector2236831;org.mule.modules.quickbooks.windows.schema.SortByColumnNameDateWithOrder;SortByColumnNameDateWithOrder;class;1;0;2;0;0;0;1;50
quickbooks-connector2236831;org.mule.modules.quickbooks.windows.schema.UOMBaseTypeEnum;UOMBaseTypeEnum;enum;1;6;1;0;0;3;1;72
quickbooks-connector2236831;org.mule.modules.quickbooks.windows.schema.ItemGroupComponent;ItemGroupComponent;class;3;16;1;0;104;16;9;260
quickbooks-connector2236831;org.mule.modules.quickbooks.windows.schema.PartyType;PartyType;enum;1;6;1;0;0;3;1;57
quickbooks-connector2236831;org.mule.modules.quickbooks.windows.schema.UOMs;UOMs;class;2;4;3;0;0;2;2;98
quickbooks-connector2236831;org.mule.modules.quickbooks.windows.schema.BillableStatusEnum;BillableStatusEnum;enum;1;6;1;0;0;3;1;60
quickbooks-connector2236831;org.mule.modules.quickbooks.windows.schema.RoleType;RoleType;enum;1;6;1;0;0;3;1;66
quickbooks-connector2236831;org.mule.modules.quickbooks.windows.schema.SortByColumnCreditMemo;SortByColumnCreditMemo;enum;1;6;1;0;0;3;1;57
quickbooks-connector2236831;org.mule.modules.quickbooks.windows.objectfactory.QBWMessageUtils;QBWMessageUtils;class;5;14;2;0;17;7;3;82
quickbooks-connector2236831;org.mule.modules.quickbooks.windows.schema.HeaderSales;HeaderSales;class;7;52;2;3;1274;52;27;729
quickbooks-connector2236831;org.mule.modules.quickbooks.windows.schema.ReportNameEnum;ReportNameEnum;enum;1;6;1;0;0;3;1;90
quickbooks-connector2236831;org.mule.modules.quickbooks.windows.schema.PayrollNonWageItems;PayrollNonWageItems;class;2;4;3;0;0;2;2;98
quickbooks-connector2236831;org.mule.modules.quickbooks.windows.schema.SortByColumnBillPayment;SortByColumnBillPayment;enum;1;6;1;0;0;3;1;60
quickbooks-connector2236831;org.mule.modules.quickbooks.windows.schema.CompanyPreferences;CompanyPreferences;class;2;2;2;0;0;2;2;79
quickbooks-connector2236831;org.mule.modules.quickbooks.windows.schema.PayrollItemQuery;PayrollItemQuery;class;1;0;3;0;0;0;1;44
quickbooks-connector2236831;org.mule.modules.quickbooks.windows.schema.SortByColumnInventoryAdjustment;SortByColumnInventoryAdjustment;enum;1;6;1;0;0;3;1;54
quickbooks-connector2236831;org.mule.modules.quickbooks.windows.schema.SalesReceiptLine;SalesReceiptLine;class;1;2;3;0;0;2;2;79
quickbooks-connector2236831;org.mule.modules.quickbooks.windows.schema.CustomerMsg;CustomerMsg;class;1;4;2;0;2;4;3;107
quickbooks-connector2236831;org.mule.modules.quickbooks.windows.schema.Invoice;Invoice;class;4;10;2;0;9;6;4;173
quickbooks-connector2236831;org.mule.modules.quickbooks.windows.schema.ExternalRole;ExternalRole;class;4;6;2;0;9;6;5;164
quickbooks-connector2236831;org.mule.modules.quickbooks.windows.schema.FixedAssetQuery;FixedAssetQuery;class;2;2;3;0;0;2;2;74
quickbooks-connector2236831;org.mule.modules.quickbooks.windows.schema.CreditCardCharges;CreditCardCharges;class;2;4;3;0;0;2;2;98
quickbooks-connector2236831;org.mule.modules.quickbooks.windows.schema.CreditCardRefunds;CreditCardRefunds;class;2;4;3;0;0;2;2;98
quickbooks-connector2236831;org.mule.modules.quickbooks.windows.schema.DraftFilterEnumType;DraftFilterEnumType;enum;1;6;1;0;0;3;1;63
quickbooks-connector2236831;org.mule.modules.quickbooks.windows.schema.Parties;Parties;class;3;8;2;0;2;4;3;136
quickbooks-connector2236831;org.mule.modules.quickbooks.windows.schema.CustomField;CustomField;class;6;4;1;4;2;4;3;111
quickbooks-connector2236831;org.mule.modules.quickbooks.windows.schema.CreditChargeInfo;CreditChargeInfo;class;3;24;1;0;252;24;13;364
quickbooks-connector2236831;org.mule.modules.quickbooks.windows.schema.TaxFormEnum;TaxFormEnum;enum;1;6;1;0;0;3;1;75
quickbooks-connector2236831;org.mule.modules.quickbooks.online.api.QuickBooksOnlineQueryEvaluator;QuickBooksOnlineQueryEvaluator;class;0;1;1;0;0;1;1;18
quickbooks-connector2236831;org.mule.modules.quickbooks.windows.schema.BooleanTypeCustomField;BooleanTypeCustomField;class;1;2;2;0;0;2;2;79
quickbooks-connector2236831;org.mule.modules.quickbooks.windows.schema.PurchaseOrders;PurchaseOrders;class;2;4;3;0;0;2;2;98
quickbooks-connector2236831;org.mule.modules.quickbooks.windows.schema.ItemReceiptLine;ItemReceiptLine;class;2;4;3;0;2;4;3;102
quickbooks-connector2236831;org.mule.modules.quickbooks.windows.schema.SortByColumnInventoryTransfer;SortByColumnInventoryTransfer;enum;1;6;1;0;0;3;1;54
quickbooks-connector2236831;org.mule.modules.quickbooks.windows.schema.BillPaymentCreditCard;BillPaymentCreditCard;class;3;6;2;0;2;4;3;126
quickbooks-connector2236831;org.mule.modules.quickbooks.windows.schema.SalesTaxes;SalesTaxes;class;2;4;3;0;0;2;2;98
quickbooks-connector2236831;org.mule.modules.quickbooks.windows.schema.ItemReceiptQuery;ItemReceiptQuery;class;2;8;3;0;20;8;5;153
quickbooks-connector2236831;org.mule.modules.quickbooks.windows.schema.NameValueQuery;NameValueQuery;class;1;0;2;0;0;0;1;44
quickbooks-connector2236831;org.mule.modules.quickbooks.windows.schema.ItemConsolidatedTypeEnum;ItemConsolidatedTypeEnum;enum;1;6;1;0;0;3;1;87
quickbooks-connector2236831;org.mule.modules.quickbooks.windows.schema.CashPurchase;CashPurchase;class;3;6;2;0;2;4;3;130
quickbooks-connector2236831;org.mule.modules.quickbooks.windows.schema.SummarizeColumnsByEnum;SummarizeColumnsByEnum;enum;1;6;1;0;0;3;1;63
quickbooks-connector2236831;org.mule.modules.quickbooks.windows.schema.SyncStatusResponse;SyncStatusResponse;class;3;18;1;0;135;18;10;292
quickbooks-connector2236831;org.mule.modules.quickbooks.windows.schema.TemplateRef;TemplateRef;class;3;4;4;0;2;4;4;138
quickbooks-connector2236831;org.mule.modules.quickbooks.windows.schema.SyncStatusRequest;SyncStatusRequest;class;4;26;1;0;104;16;9;341
quickbooks-connector2236831;org.mule.modules.quickbooks.windows.schema.ObjectNameEnumType;ObjectNameEnumType;enum;1;6;1;0;0;3;1;158
quickbooks-connector2236831;org.mule.modules.quickbooks.windows.schema.RevertRequest;RevertRequest;class;1;6;2;0;2;4;3;234
quickbooks-connector2236831;org.mule.modules.quickbooks.api.ObjectStoreHelper;ObjectStoreHelper;class;4;11;1;0;0;6;1;54
quickbooks-connector2236831;org.mule.modules.quickbooks.windows.schema.SalesTaxGroupQuery;SalesTaxGroupQuery;class;1;0;3;0;0;0;1;44
quickbooks-connector2236831;org.mule.modules.quickbooks.windows.schema.AdvReportParamBase;AdvReportParamBase;class;11;36;1;1;350;28;15;492
quickbooks-connector2236831;org.mule.modules.quickbooks.windows.schema.SortByColumnItemWithOrder;SortByColumnItemWithOrder;class;1;0;2;0;0;0;1;50
quickbooks-connector2236831;org.mule.modules.quickbooks.windows.schema.CreditMemos;CreditMemos;class;2;4;3;0;0;2;2;98
quickbooks-connector2236831;org.mule.modules.quickbooks.windows.schema.Employees;Employees;class;2;4;3;0;0;2;2;98
quickbooks-connector2236831;org.mule.modules.quickbooks.windows.schema.SortByColumnSalesReceiptWithOrder;SortByColumnSalesReceiptWithOrder;class;1;0;2;0;0;0;1;50
quickbooks-connector2236831;org.mule.modules.quickbooks.windows.schema.CheckPayment;CheckPayment;class;0;12;1;0;54;12;7;208
quickbooks-connector2236831;org.mule.modules.quickbooks.windows.schema.TimeEntryUsedForPaychecksEnum;TimeEntryUsedForPaychecksEnum;enum;1;6;1;0;0;3;1;60
quickbooks-connector2236831;org.mule.modules.quickbooks.windows.schema.AbstractResponse;AbstractResponse;class;5;10;2;2;35;10;6;323
quickbooks-connector2236831;org.mule.modules.quickbooks.windows.schema.LineSales;LineSales;class;8;48;2;2;1080;48;25;672
quickbooks-connector2236831;org.mule.modules.quickbooks.windows.schema.TemplateRefMapQuery;TemplateRefMapQuery;class;2;4;2;0;0;2;2;93
quickbooks-connector2236831;org.mule.modules.quickbooks.online.automation.QuickBooksOnlineTestParent;QuickBooksOnlineTestParent;class;11;10;2;9;28;8;1;65
quickbooks-connector2236831;org.mule.modules.quickbooks.windows.schema.InventoryTransferHeader;InventoryTransferHeader;class;1;14;1;0;77;14;8;234
quickbooks-connector2236831;org.mule.modules.quickbooks.windows.schema.SalesReceipts;SalesReceipts;class;2;4;3;0;0;2;2;98
quickbooks-connector2236831;org.mule.modules.quickbooks.windows.schema.CreditMemoHeader;CreditMemoHeader;class;4;34;3;0;527;34;18;489
quickbooks-connector2236831;org.mule.modules.quickbooks.windows.schema.PartyRoleRef;PartyRoleRef;class;2;2;3;0;0;2;2;74
quickbooks-connector2236831;org.mule.modules.quickbooks.online.automation.testcases.GetCustomerTestCases;GetCustomerTestCases;class;8;3;3;0;0;3;1;36
quickbooks-connector2236831;org.mule.modules.quickbooks.windows.QuickBooksWindowsNamespaceHandlerModuleTest;QuickBooksWindowsNamespaceHandlerModuleTest;class;4;3;2;0;3;3;0;38
quickbooks-connector2236831;org.mule.modules.quickbooks.windows.schema.StringTypeCustomFieldDefinition;StringTypeCustomFieldDefinition;class;1;6;2;0;9;6;4;131
quickbooks-connector2236831;org.mule.modules.quickbooks.windows.schema.BuildAssemblyLine;BuildAssemblyLine;class;3;12;2;0;54;12;7;207
quickbooks-connector2236831;org.mule.modules.quickbooks.online.api.QuickBooksOnlinePaginatedIterableTest;QuickBooksOnlinePaginatedIterableTest;class;12;20;1;0;43;10;7;118
quickbooks-connector2236831;org.mule.modules.quickbooks.online.api.QuickBooksOnlineClient;QuickBooksOnlineClient;interface;8;13;1;0;78;13;0;40
quickbooks-connector2236831;org.mule.modules.quickbooks.windows.schema.InventoryAdjustmentLine;InventoryAdjustmentLine;class;5;10;2;0;35;10;6;183
quickbooks-connector2236831;org.mule.modules.quickbooks.windows.schema.InventoryTransferQuery;InventoryTransferQuery;class;3;10;3;0;35;10;6;178
quickbooks-connector2236831;org.mule.modules.quickbooks.windows.schema.SalesTaxGroups;SalesTaxGroups;class;2;4;3;0;0;2;2;98
quickbooks-connector2236831;org.mule.modules.quickbooks.online.api.DefaultQuickBooksOnlineClient;DefaultQuickBooksOnlineClient;class;25;45;2;0;99;19;1;298
quickbooks-connector2236831;org.mule.modules.quickbooks.windows.schema.CustomFieldDefinitionSet;CustomFieldDefinitionSet;class;1;6;1;0;9;6;4;134
quickbooks-connector2236831;org.mule.modules.quickbooks.windows.schema.CreditCardTypeEnum;CreditCardTypeEnum;enum;1;6;1;0;0;3;1;72
quickbooks-connector2236831;org.mule.modules.quickbooks.windows.schema.ReportBalanceSheet;ReportBalanceSheet;class;1;0;2;0;0;0;1;49
quickbooks-connector2236831;org.mule.modules.quickbooks.windows.schema.SortByColumnAccountWithOrder;SortByColumnAccountWithOrder;class;1;0;2;0;0;0;1;50
quickbooks-connector2236831;org.mule.modules.quickbooks.windows.schema.Jobs;Jobs;class;2;4;3;0;0;2;2;98
quickbooks-connector2236831;org.mule.modules.quickbooks.api.model.UserInformation;UserInformation;class;0;12;1;0;54;12;7;76
quickbooks-connector2236831;org.mule.modules.quickbooks.windows.schema.SalesTermTypeEnum;SalesTermTypeEnum;enum;1;6;1;0;0;3;1;57
quickbooks-connector2236831;org.mule.modules.quickbooks.windows.schema.Money;Money;class;1;4;1;0;2;4;3;105
quickbooks-connector2236831;org.mule.modules.quickbooks.windows.schema.EstimateHeader;EstimateHeader;class;3;28;3;0;350;28;15;413
quickbooks-connector2236831;org.mule.modules.quickbooks.windows.schema.SortByColumnOtherNameWithOrder;SortByColumnOtherNameWithOrder;class;1;0;2;0;0;0;1;50
quickbooks-connector2236831;org.mule.modules.quickbooks.api.QuickBooksConventions;QuickBooksConventions;class;0;2;1;0;1;2;0;30
quickbooks-connector2236831;org.mule.modules.quickbooks.windows.schema.CheckLine;CheckLine;class;1;0;3;0;0;0;1;49
quickbooks-connector2236831;org.mule.modules.quickbooks.windows.schema.QboAccountDetailTypeEnum;QboAccountDetailTypeEnum;enum;1;6;1;0;0;3;1;1191
quickbooks-connector2236831;org.mule.modules.quickbooks.windows.schema.SortByColumnPayrollNonWageItemWithOrder;SortByColumnPayrollNonWageItemWithOrder;class;1;0;2;0;0;0;1;50
quickbooks-connector2236831;org.mule.modules.quickbooks.windows.schema.CCAVSMatchEnum;CCAVSMatchEnum;enum;1;6;1;0;0;3;1;60
quickbooks-connector2236831;org.mule.modules.quickbooks.windows.schema.TaskQuery;TaskQuery;class;3;4;3;0;2;4;3;106
quickbooks-connector2236831;org.mule.modules.quickbooks.windows.schema.OtherNameRef;OtherNameRef;class;1;4;1;0;2;4;3;96
quickbooks-connector2236831;org.mule.modules.quickbooks.windows.schema.NameQueryBase;NameQueryBase;class;6;0;3;2;0;0;1;52
quickbooks-connector2236831;org.mule.modules.quickbooks.api.openid.OpenIDClient;OpenIDClient;interface;1;2;1;0;1;2;0;24
quickbooks-connector2236831;org.mule.modules.quickbooks.windows.schema.SalesTax;SalesTax;class;2;10;2;0;35;10;6;185
quickbooks-connector2236831;org.mule.modules.quickbooks.windows.schema.CCTxnTypeEnum;CCTxnTypeEnum;enum;1;6;1;0;0;3;1;72
quickbooks-connector2236831;org.mule.modules.quickbooks.windows.schema.Facet;Facet;class;0;4;1;0;0;4;3;88
quickbooks-connector2236831;org.mule.modules.quickbooks.windows.schema.CustomerTypeQuery;CustomerTypeQuery;class;2;2;3;0;0;2;2;74
quickbooks-connector2236831;org.mule.modules.quickbooks.windows.schema.SortByColumnJournalEntry;SortByColumnJournalEntry;enum;1;6;1;0;0;3;1;57
quickbooks-connector2236831;org.mule.modules.quickbooks.windows.schema.SalesTaxGroup;SalesTaxGroup;class;2;8;2;0;9;6;4;150
quickbooks-connector2236831;org.mule.modules.quickbooks.windows.schema.AccountSubtypeEnum;AccountSubtypeEnum;enum;1;6;1;0;0;3;1;211
quickbooks-connector2236831;org.mule.modules.quickbooks.windows.schema.SalesOrders;SalesOrders;class;2;4;3;0;0;2;2;98
quickbooks-connector2236831;org.mule.modules.quickbooks.windows.api.DefaultQuickBooksWindowsClient;DefaultQuickBooksWindowsClient;class;29;95;2;0;247;18;1;551
quickbooks-connector2236831;org.mule.modules.quickbooks.windows.schema.ColDataType;ColDataType;class;1;6;1;0;0;4;3;100
quickbooks-connector2236831;org.mule.modules.quickbooks.windows.schema.SortByColumnNameDate;SortByColumnNameDate;enum;1;6;1;0;0;3;1;57
quickbooks-connector2236831;org.mule.modules.quickbooks.windows.schema.IdType;IdType;class;4;6;1;0;0;4;3;111
quickbooks-connector2236831;org.mule.modules.quickbooks.windows.schema.InventoryAdjustmentHeader;InventoryAdjustmentHeader;class;2;24;1;0;252;24;13;359
quickbooks-connector2236831;org.mule.modules.quickbooks.windows.schema.VendorTypeQuery;VendorTypeQuery;class;2;2;3;0;0;2;2;74
quickbooks-connector2236831;org.mule.modules.quickbooks.api.model.BlueDotMenu;BlueDotMenu;class;1;6;1;0;3;6;2;38
quickbooks-connector2236831;org.mule.modules.quickbooks.windows.schema.Item;Item;class;6;50;2;0;1175;50;26;710
quickbooks-connector2236831;org.mule.modules.quickbooks.windows.schema.WorkersCompCode;WorkersCompCode;class;2;18;2;0;104;16;9;283
quickbooks-connector2236831;org.mule.modules.quickbooks.windows.schema.Charges;Charges;class;2;4;3;0;0;2;2;98
quickbooks-connector2236831;org.mule.modules.quickbooks.windows.schema.EstimateQuery;EstimateQuery;class;4;14;3;0;77;14;8;231
quickbooks-connector2236831;org.mule.modules.quickbooks.api.model.ReconnectResponse;ReconnectResponse;class;0;10;1;0;35;10;6;69
quickbooks-connector2236831;org.mule.modules.quickbooks.windows.schema.IdDomainEnum;IdDomainEnum;enum;1;2;1;0;1;2;0;53
quickbooks-connector2236831;org.mule.modules.quickbooks.windows.schema.ObjectFactory;ObjectFactory;class;402;644;1;0;207044;644;252;5049
quickbooks-connector2236831;org.mule.modules.quickbooks.windows.schema.VendorCreditToApply;VendorCreditToApply;class;4;18;2;0;135;18;10;286
quickbooks-connector2236831;org.mule.modules.quickbooks.windows.schema.SearchRestResponse;SearchRestResponse;class;3;6;1;0;9;6;4;125
quickbooks-connector2236831;org.mule.modules.quickbooks.windows.schema.CreditMemo;CreditMemo;class;4;10;2;0;9;6;4;169
quickbooks-connector2236831;org.mule.modules.quickbooks.windows.schema.InventorySites;InventorySites;class;2;4;3;0;0;2;2;98
quickbooks-connector2236831;org.mule.modules.quickbooks.windows.schema.PayrollItems;PayrollItems;class;2;4;3;0;0;2;2;98
quickbooks-connector2236831;org.mule.modules.quickbooks.windows.schema.EmployeeTypeEnum;EmployeeTypeEnum;enum;1;6;1;0;0;3;1;63
quickbooks-connector2236831;org.mule.modules.quickbooks.windows.schema.AbstractRequest;AbstractRequest;class;5;6;1;4;9;6;4;135
quickbooks-connector2236831;org.mule.modules.quickbooks.windows.schema.SalesTerm;SalesTerm;class;1;20;2;0;170;20;11;331
quickbooks-connector2236831;org.mule.modules.quickbooks.windows.schema.BooleanTypeCustomFieldDefinition;BooleanTypeCustomFieldDefinition;class;1;2;2;0;0;2;2;79
quickbooks-connector2236831;org.mule.modules.quickbooks.windows.schema.SortByColumnCurrencyInfoWithOrder;SortByColumnCurrencyInfoWithOrder;class;1;0;2;0;0;0;1;50
quickbooks-connector2236831;org.mule.modules.quickbooks.windows.schema.Classes;Classes;class;2;4;3;0;0;2;2;98
quickbooks-connector2236831;org.mule.modules.quickbooks.windows.schema.ReportIncomeBreakdown;ReportIncomeBreakdown;class;2;4;2;0;0;2;2;98
quickbooks-connector2236831;org.mule.modules.quickbooks.windows.schema.SyncStatusParam;SyncStatusParam;class;2;8;1;0;20;8;5;156
quickbooks-connector2236831;org.mule.modules.quickbooks.windows.schema.SortByColumnInventoryTransferWithOrder;SortByColumnInventoryTransferWithOrder;class;1;0;2;0;0;0;1;50
quickbooks-connector2236831;org.mule.modules.quickbooks.windows.schema.SyncStatusDrillDown;SyncStatusDrillDown;class;2;16;1;0;104;16;9;266
quickbooks-connector2236831;org.mule.modules.quickbooks.windows.schema.SalesTaxPaymentChecks;SalesTaxPaymentChecks;class;2;4;3;0;0;2;2;98
quickbooks-connector2236831;org.mule.modules.quickbooks.windows.schema.PaymentLine;PaymentLine;class;2;16;2;0;104;16;9;259
quickbooks-connector2236831;org.mule.modules.quickbooks.windows.schema.TemplateNames;TemplateNames;class;2;4;3;0;0;2;2;98
quickbooks-connector2236831;org.mule.modules.quickbooks.windows.schema.ItemTypeEnum;ItemTypeEnum;enum;1;6;1;0;0;3;1;78
quickbooks-connector2236831;org.mule.modules.quickbooks.online.automation.testcases.GetBlueDotInformationTestCases;GetBlueDotInformationTestCases;class;5;1;3;0;0;1;0;26
quickbooks-connector2236831;org.mule.modules.quickbooks.windows.schema.CustomerMsgs;CustomerMsgs;class;2;4;3;0;0;2;2;98
quickbooks-connector2236831;org.mule.modules.quickbooks.windows.schema.TemplateTypeEnum;TemplateTypeEnum;enum;1;6;1;0;0;3;1;75
quickbooks-connector2236831;org.mule.modules.quickbooks.windows.schema.EstimateStatusFilterEnumType;EstimateStatusFilterEnumType;enum;1;6;1;0;0;3;1;71
quickbooks-connector2236831;org.mule.modules.quickbooks.windows.schema.CreditCardPayment;CreditCardPayment;class;2;4;1;0;2;4;3;104
quickbooks-connector2236831;org.mule.modules.quickbooks.windows.schema.QboEstimateStatusEnum;QboEstimateStatusEnum;enum;1;6;1;0;0;3;1;63
quickbooks-connector2236831;org.mule.modules.quickbooks.online.automation.testcases.CreateInvoiceTestCases;CreateInvoiceTestCases;class;11;3;4;0;0;3;3;56
quickbooks-connector2236831;org.mule.modules.quickbooks.windows.schema.QtyAdj;QtyAdj;class;0;4;1;0;2;4;3;99
quickbooks-connector2236831;org.mule.modules.quickbooks.windows.schema.ShipMethods;ShipMethods;class;2;4;3;0;0;2;2;98
quickbooks-connector2236831;org.mule.modules.quickbooks.windows.schema.CdmComplexBase;CdmComplexBase;class;8;0;1;4;0;0;1;58
quickbooks-connector2236831;org.mule.modules.quickbooks.windows.schema.Data;Data;class;1;4;1;0;0;2;2;92
quickbooks-connector2236831;org.mule.modules.quickbooks.windows.schema.Estimate;Estimate;class;4;10;2;0;9;6;4;173
quickbooks-connector2236831;org.mule.modules.quickbooks.windows.schema.RestResponse;RestResponse;class;0;2;1;0;0;2;2;216
quickbooks-connector2236831;org.mule.modules.quickbooks.windows.schema.InventoryTransferLine;InventoryTransferLine;class;4;8;2;0;20;8;5;157
quickbooks-connector2236831;org.mule.modules.quickbooks.windows.schema.BOMComponent;BOMComponent;class;3;16;1;0;104;16;9;258
quickbooks-connector2236831;org.mule.modules.quickbooks.windows.schema.EstimateStatusEnum;EstimateStatusEnum;enum;1;6;1;0;0;3;1;57
quickbooks-connector2236831;org.mule.modules.quickbooks.online.QuickBooksOnlineTest;QuickBooksOnlineTest;class;31;52;1;0;0;52;31;513
quickbooks-connector2236831;org.mule.modules.quickbooks.windows.schema.SalesTerms;SalesTerms;class;2;4;3;0;0;2;2;98
quickbooks-connector2236831;org.mule.modules.quickbooks.windows.schema.SalesRep;SalesRep;class;5;10;2;0;35;10;6;187
quickbooks-connector2236831;org.mule.modules.quickbooks.windows.schema.Discount;Discount;class;3;16;2;0;104;16;9;265
quickbooks-connector2236831;org.mule.modules.quickbooks.online.automation.testcases.GetCurrentUserTestCases;GetCurrentUserTestCases;class;5;1;3;0;0;1;0;24
quickbooks-connector2236831;org.mule.modules.quickbooks.windows.schema.Organization;Organization;class;6;36;2;0;299;26;14;469
quickbooks-connector2236831;org.mule.modules.quickbooks.api.exception.ErrorInfo;ErrorInfo;class;0;9;1;0;10;8;3;46
quickbooks-connector2236831;org.mule.modules.quickbooks.windows.schema.ItemReceipt;ItemReceipt;class;3;6;2;0;2;4;3;126
quickbooks-connector2236831;org.mule.modules.quickbooks.windows.schema.CreditChargeResponse;CreditChargeResponse;class;2;30;1;0;405;30;16;449
quickbooks-connector2236831;org.mule.modules.quickbooks.windows.schema.CompanyMetaData;CompanyMetaData;class;9;68;1;0;1377;54;28;884
quickbooks-connector2236831;org.mule.modules.quickbooks.windows.schema.SortByColumnDeposit;SortByColumnDeposit;enum;1;6;1;0;0;3;1;57
quickbooks-connector2236831;org.mule.modules.quickbooks.windows.schema.CurrencyInfo;CurrencyInfo;class;2;14;2;0;77;14;8;236
quickbooks-connector2236831;org.mule.modules.quickbooks.windows.schema.Discounts;Discounts;class;2;4;3;0;0;2;2;98
quickbooks-connector2236831;org.mule.modules.quickbooks.api.openid.OpenIDCredentials;OpenIDCredentials;class;0;10;1;0;35;10;5;52
quickbooks-connector2236831;org.mule.modules.quickbooks.utils.QBDateAdapter;QBDateAdapter;class;4;5;2;0;0;3;1;43
quickbooks-connector2236831;org.mule.modules.quickbooks.windows.schema.CustomerQuery;CustomerQuery;class;2;16;4;0;104;16;9;259
quickbooks-connector2236831;org.mule.modules.quickbooks.windows.schema.UserInformation;UserInformation;class;0;12;1;0;54;12;7;207
quickbooks-connector2236831;org.mule.modules.quickbooks.windows.schema.RecordCounts;RecordCounts;class;2;2;3;0;0;2;2;79
quickbooks-connector2236831;org.mule.modules.quickbooks.windows.schema.InventoryAdjustmentQuery;InventoryAdjustmentQuery;class;2;6;3;0;9;6;4;126
quickbooks-connector2236831;org.mule.modules.quickbooks.windows.schema.BOMComponentQuery;BOMComponentQuery;class;2;2;2;0;0;2;2;74
quickbooks-connector2236831;org.mule.modules.quickbooks.windows.schema.CreditCardChargeQuery;CreditCardChargeQuery;class;1;2;3;0;0;2;2;74
quickbooks-connector2236831;org.mule.modules.quickbooks.windows.schema.BuildAssembly;BuildAssembly;class;3;6;2;0;2;4;3;124
quickbooks-connector2236831;org.mule.modules.quickbooks.windows.schema.AdvancedReportQuery;AdvancedReportQuery;class;0;2;1;0;0;2;2;84
quickbooks-connector2236831;org.mule.modules.quickbooks.windows.schema.PurchaseOrder;PurchaseOrder;class;3;6;2;0;2;4;3;126
quickbooks-connector2236831;org.mule.modules.quickbooks.windows.schema.SalesTaxCode;SalesTaxCode;class;1;8;2;0;20;8;5;159
quickbooks-connector2236831;org.mule.modules.quickbooks.windows.schema.PhysicalAddressLabelType;PhysicalAddressLabelType;enum;1;6;1;0;0;3;1;57
quickbooks-connector2236831;org.mule.modules.quickbooks.windows.schema.SortByColumnEmployeeWithOrder;SortByColumnEmployeeWithOrder;class;1;0;2;0;0;0;1;50
quickbooks-connector2236831;org.mule.modules.quickbooks.windows.schema.PlatformResponse;PlatformResponse;class;0;6;1;0;9;6;4;129
quickbooks-connector2236831;org.mule.modules.quickbooks.windows.schema.InternalCustomField;InternalCustomField;class;2;0;2;1;0;0;1;57
quickbooks-connector2236831;org.mule.modules.quickbooks.windows.schema.OtherNames;OtherNames;class;2;4;3;0;0;2;2;98
quickbooks-connector2236831;org.mule.modules.quickbooks.windows.schema.ReportSalesSummary;ReportSalesSummary;class;1;0;2;0;0;0;1;49
quickbooks-connector2236831;org.mule.modules.quickbooks.windows.schema.DetailColumnsEnum;DetailColumnsEnum;enum;1;6;1;0;0;3;1;114
quickbooks-connector2236831;org.mule.modules.quickbooks.windows.schema.Charge;Charge;class;3;4;2;0;2;4;3;107
quickbooks-connector2236831;org.mule.modules.quickbooks.windows.schema.CustomFieldDefinitionSetQuery;CustomFieldDefinitionSetQuery;class;1;4;2;0;2;4;3;105
quickbooks-connector2236831;org.mule.modules.quickbooks.windows.schema.ItemsConsolidated;ItemsConsolidated;class;2;4;3;0;0;2;2;98
quickbooks-connector2236831;org.mule.modules.quickbooks.online.api.QuickBooksOnlinePage;QuickBooksOnlinePage;class;1;7;1;0;3;7;3;39
quickbooks-connector2236831;org.mule.modules.quickbooks.windows.schema.SortByColumnInventorySite;SortByColumnInventorySite;enum;1;6;1;0;0;3;1;54
quickbooks-connector2236831;org.mule.modules.quickbooks.windows.schema.AccountRef;AccountRef;class;2;6;1;0;9;6;4;121
quickbooks-connector2236831;org.mule.modules.quickbooks.windows.schema.SortByColumnCreditMemoWithOrder;SortByColumnCreditMemoWithOrder;class;1;0;2;0;0;0;1;50
quickbooks-connector2236831;org.mule.modules.quickbooks.windows.schema.CreditCardCredits;CreditCardCredits;class;2;4;3;0;0;2;2;98
quickbooks-connector2236831;org.mule.modules.quickbooks.windows.schema.SortByColumnTimeActivityWithOrder;SortByColumnTimeActivityWithOrder;class;1;0;2;0;0;0;1;50
quickbooks-connector2236831;org.mule.modules.quickbooks.windows.schema.SalesOrderLine;SalesOrderLine;class;1;2;3;0;0;2;2;79
quickbooks-connector2236831;org.mule.modules.quickbooks.windows.schema.BatchResponseSet;BatchResponseSet;class;1;6;2;0;2;4;3;260
quickbooks-connector2236831;org.mule.modules.quickbooks.windows.schema.SalesTaxPaymentCheck;SalesTaxPaymentCheck;class;3;6;2;0;2;4;3;124
quickbooks-connector2236831;org.mule.modules.quickbooks.windows.schema.SalesTaxPaymentCheckLine;SalesTaxPaymentCheckLine;class;2;6;2;0;9;6;4;131
quickbooks-connector2236831;org.mule.modules.quickbooks.windows.schema.DoneStatusFilterEnumType;DoneStatusFilterEnumType;enum;1;6;1;0;0;3;1;60
quickbooks-connector2236831;org.mule.modules.quickbooks.windows.schema.Gender;Gender;enum;1;6;1;0;0;3;1;57
quickbooks-connector2236831;org.mule.modules.quickbooks.windows.schema.SortByColumnPaymentWithOrder;SortByColumnPaymentWithOrder;class;1;0;2;0;0;0;1;50
quickbooks-connector2236831;test.TestAccount;TestAccount;class;2;1;1;0;0;1;0;14
quickbooks-connector2236831;org.mule.modules.quickbooks.windows.schema.ReportCustomersWhoOweMe;ReportCustomersWhoOweMe;class;2;4;2;0;0;2;2;98
quickbooks-connector2236831;org.mule.modules.quickbooks.windows.schema.VendorCredits;VendorCredits;class;2;4;3;0;0;2;2;98
quickbooks-connector2236831;org.mule.modules.quickbooks.windows.schema.SortByColumnVendorWithOrder;SortByColumnVendorWithOrder;class;1;0;2;0;0;0;1;50
quickbooks-connector2236831;org.mule.modules.quickbooks.windows.schema.Facets;Facets;class;2;8;1;0;1;6;5;174
quickbooks-connector2236831;org.mule.modules.quickbooks.windows.schema.CashBackInfo;CashBackInfo;class;2;10;1;0;35;10;6;181
quickbooks-connector2236831;org.mule.modules.quickbooks.windows.schema.NumberTypeCustomFieldDefinition;NumberTypeCustomFieldDefinition;class;1;6;2;0;9;6;4;132
quickbooks-connector2236831;org.mule.modules.quickbooks.windows.schema.CreditCardChargeLine;CreditCardChargeLine;class;1;0;3;0;0;0;1;49
quickbooks-connector2236831;org.mule.modules.quickbooks.windows.schema.TelephoneDevice;TelephoneDevice;enum;1;6;1;0;0;3;1;63
quickbooks-connector2236831;org.mule.modules.quickbooks.windows.schema.TemplateRefMap;TemplateRefMap;class;3;8;2;0;20;8;5;156
quickbooks-connector2236831;org.mule.modules.quickbooks.online.automation.testcases.GetInvoiceTestCases;GetInvoiceTestCases;class;10;3;4;0;0;3;3;43
quickbooks-connector2236831;org.mule.modules.quickbooks.windows.schema.JobType;JobType;class;2;8;2;0;20;8;5;156
quickbooks-connector2236831;org.mule.modules.quickbooks.windows.schema.SortByColumnItemReceipt;SortByColumnItemReceipt;enum;1;6;1;0;0;3;1;60
quickbooks-connector2236831;org.mule.modules.quickbooks.windows.schema.BillPaymentHeader;BillPaymentHeader;class;6;28;2;0;350;28;15;413
quickbooks-connector2236831;org.mule.modules.quickbooks.windows.schema.Note;Note;class;1;2;2;0;0;2;2;79
quickbooks-connector2236831;org.mule.modules.quickbooks.windows.schema.ErrorResponse;ErrorResponse;class;1;6;3;0;9;6;4;127
quickbooks-connector2236831;org.mule.modules.quickbooks.windows.schema.AddRequest;AddRequest;class;1;10;2;0;9;6;4;263
quickbooks-connector2236831;org.mule.modules.quickbooks.windows.schema.UOMConvUnit;UOMConvUnit;class;0;6;1;0;9;6;4;131
quickbooks-connector2236831;org.mule.modules.quickbooks.QuickBooksConventionsTest;QuickBooksConventionsTest;class;1;1;1;0;0;1;0;33
quickbooks-connector2236831;org.mule.modules.quickbooks.windows.api.QuickBooksWindowsClient;QuickBooksWindowsClient;interface;5;14;1;0;91;14;0;43
quickbooks-connector2236831;org.mule.modules.quickbooks.windows.schema.InvoiceLine;InvoiceLine;class;2;6;3;0;9;6;4;130
quickbooks-connector2236831;org.mule.modules.quickbooks.windows.schema.PriceLevelTypeEnum;PriceLevelTypeEnum;enum;1;6;1;0;0;3;1;57
quickbooks-connector2236831;org.mule.modules.quickbooks.windows.schema.SyncActivityRequest;SyncActivityRequest;class;2;10;1;0;35;10;6;188
quickbooks-connector2236831;org.mule.modules.quickbooks.windows.schema.Organizations;Organizations;class;1;4;1;0;0;2;2;92
quickbooks-connector2236831;org.mule.modules.quickbooks.windows.schema.ModRequest;ModRequest;class;1;14;2;0;20;8;5;292
quickbooks-connector2236831;org.mule.modules.quickbooks.windows.schema.StringTypeCustomField;StringTypeCustomField;class;1;2;2;0;0;2;2;79
quickbooks-connector2236831;org.mule.modules.quickbooks.windows.schema.DelRequest;DelRequest;class;1;2;2;0;0;2;2;204
quickbooks-connector2236831;org.mule.modules.quickbooks.windows.schema.SortOrder;SortOrder;enum;1;6;1;0;0;3;1;57
quickbooks-connector2236831;org.mule.modules.quickbooks.windows.schema.BillPaymentCreditCardHeader;BillPaymentCreditCardHeader;class;4;18;2;0;135;18;10;283
quickbooks-connector2236831;org.mule.modules.quickbooks.windows.schema.BuildAssemblies;BuildAssemblies;class;2;4;3;0;0;2;2;98
quickbooks-connector2236831;org.mule.modules.quickbooks.windows.schema.CustomFieldQueryParam;CustomFieldQueryParam;class;2;6;1;0;9;6;4;130
quickbooks-connector2236831;org.mule.modules.quickbooks.windows.schema.PriceLevelPerItem;PriceLevelPerItem;class;3;10;1;0;35;10;6;184
quickbooks-connector2236831;org.mule.modules.quickbooks.windows.schema.SortByColumnEstimate;SortByColumnEstimate;enum;1;6;1;0;0;3;1;60
quickbooks-connector2236831;org.mule.modules.quickbooks.windows.schema.SortByColumnFixedAsset;SortByColumnFixedAsset;enum;1;6;1;0;0;3;1;60
quickbooks-connector2236831;org.mule.modules.quickbooks.api.gateway.OAuthCredentialsStorage;OAuthCredentialsStorage;interface;0;16;1;0;120;16;0;28
quickbooks-connector2236831;org.mule.modules.quickbooks.windows.schema.DateTypeCustomField;DateTypeCustomField;class;2;2;2;0;0;2;2;85
quickbooks-connector2236831;org.mule.modules.quickbooks.windows.schema.ReportTopCustomersBySales;ReportTopCustomersBySales;class;2;4;2;0;0;2;2;98
quickbooks-connector2236831;org.mule.modules.quickbooks.windows.schema.SortByColumnCurrencyInfo;SortByColumnCurrencyInfo;enum;1;6;1;0;0;3;1;54
quickbooks-connector2236831;org.mule.modules.quickbooks.windows.schema.Job;Job;class;2;8;4;0;20;8;5;157
quickbooks-connector2236831;org.mule.modules.quickbooks.windows.schema.RecordCountQuery;RecordCountQuery;class;1;2;2;0;0;2;2;187
quickbooks-connector2236831;org.mule.modules.quickbooks.windows.schema.VendorQuery;VendorQuery;class;2;12;4;0;54;12;7;207
quickbooks-connector2236831;org.mule.modules.quickbooks.windows.schema.SalesTaxCodeQuery;SalesTaxCodeQuery;class;1;0;3;0;0;0;1;44
quickbooks-connector2236831;org.mule.modules.quickbooks.online.automation.testcases.CreateCustomerTestCases;CreateCustomerTestCases;class;7;2;3;0;0;2;1;36
quickbooks-connector2236831;org.mule.modules.quickbooks.windows.QuickBooksWindowsModule;QuickBooksWindowsModule;class;31;60;1;0;596;44;11;737
quickbooks-connector2236831;org.mule.modules.quickbooks.windows.schema.SortByColumnPayrollNonWageItem;SortByColumnPayrollNonWageItem;enum;1;6;1;0;0;3;1;54
quickbooks-connector2236831;org.mule.modules.quickbooks.windows.schema.SalesReceiptHeader;SalesReceiptHeader;class;4;26;3;0;299;26;14;385
quickbooks-connector2236831;org.mule.modules.quickbooks.windows.schema.BuildAssemblyHeader;BuildAssemblyHeader;class;3;16;2;0;104;16;9;259
quickbooks-connector2236831;org.mule.modules.quickbooks.windows.schema.ChargeQuery;ChargeQuery;class;2;4;3;0;2;4;3;100
quickbooks-connector2236831;org.mule.modules.quickbooks.windows.schema.CreditCardRefundQuery;CreditCardRefundQuery;class;1;0;3;0;0;0;1;44
quickbooks-connector2236831;org.mule.modules.quickbooks.windows.schema.SalesRepTypeEnum;SalesRepTypeEnum;enum;1;6;1;0;0;3;1;60
quickbooks-connector2236831;org.mule.modules.quickbooks.windows.objectfactory.ObjectFactory;ObjectFactory;class;398;637;1;0;202564;637;249;4996
quickbooks-connector2236831;org.mule.modules.quickbooks.api.oauth.OAuthCredentials;OAuthCredentials;class;0;19;1;0;125;19;9;84
quickbooks-connector2236831;org.mule.modules.quickbooks.windows.schema.InvoiceQuery;InvoiceQuery;class;3;16;3;0;104;16;9;257
quickbooks-connector2236831;org.mule.modules.quickbooks.windows.schema.JournalEntryLine;JournalEntryLine;class;6;22;2;0;209;22;12;335
quickbooks-connector2236831;org.mule.modules.quickbooks.windows.schema.UserResponse;UserResponse;class;1;6;1;0;9;6;4;129
